fecha,tavg,tmin,tmax,prcp
2019-01-01,26.4,23.0,31.0,
2019-01-02,26.8,24.7,31.0,
2019-01-03,21.5,18.0,30.1,
2019-01-04,23.3,18.1,27.2,
2019-01-05,26.0,21.2,29.0,
2019-01-06,25.8,22.0,29.0,
2019-01-07,24.8,21.2,28.5,
2019-01-08,26.7,22.0,30.7,
2019-01-09,27.3,22.3,31.0,
2019-01-10,22.0,18.0,30.3,
2019-01-11,19.4,15.0,24.0,
2019-01-12,23.4,20.5,26.5,
2019-01-13,23.7,21.0,27.0,
2019-01-14,24.0,21.0,27.0,
2019-01-15,23.2,20.0,27.0,
2019-01-16,23.3,19.7,27.0,
2019-01-17,22.4,19.0,28.8,
2019-01-18,18.7,13.5,23.2,
2019-01-19,21.1,16.4,24.0,
2019-01-20,22.0,20.0,24.6,
2019-01-21,24.6,21.0,28.2,
2019-01-22,26.9,22.4,31.0,
2019-01-23,26.0,23.0,31.0,
2019-01-24,25.6,23.0,29.0,
2019-01-25,24.1,22.0,30.4,
2019-01-26,26.0,22.5,29.0,
2019-01-27,26.7,24.7,29.6,
2019-01-28,29.3,26.0,34.0,
2019-01-29,29.8,23.0,34.5,
2019-01-30,26.7,22.2,34.2,
2019-01-31,24.8,20.0,31.6,
2019-02-01,27.8,22.7,32.0,
2019-02-02,24.6,19.0,32.0,
2019-02-03,20.0,15.0,26.0,
2019-02-04,21.9,19.2,24.2,
2019-02-05,23.2,19.8,25.3,
2019-02-06,24.9,22.6,27.1,
2019-02-07,26.2,23.0,29.2,
2019-02-08,27.6,24.5,30.2,
2019-02-09,27.7,23.6,34.5,
2019-02-10,28.6,24.0,34.5,
2019-02-11,24.4,18.0,32.2,
2019-02-12,18.2,13.7,26.0,
2019-02-13,20.0,16.1,22.8,
2019-02-14,20.7,17.0,23.0,
2019-02-15,22.4,17.5,26.0,
2019-02-16,23.6,19.2,27.0,
2019-02-17,25.2,19.1,28.2,
2019-02-18,26.4,23.2,30.0,
2019-02-19,28.9,24.4,34.5,
2019-02-20,30.4,26.0,35.5,
2019-02-21,28.4,24.5,35.0,
2019-02-22,28.1,25.7,31.6,
2019-02-23,24.9,23.5,29.0,33.5
2019-02-24,22.1,19.0,25.9,
2019-02-25,19.2,15.0,23.2,
2019-02-26,18.1,13.5,22.5,
2019-02-27,20.4,14.8,26.7,
2019-02-28,19.9,16.5,26.8,
2019-03-01,23.4,18.5,29.5,
2019-03-02,22.8,18.0,29.9,
2019-03-03,22.1,19.0,25.6,
2019-03-04,22.4,19.5,25.6,
2019-03-05,22.7,20.0,25.6,
2019-03-06,25.2,22.0,29.7,
2019-03-07,26.9,20.5,30.2,
2019-03-08,20.2,17.5,30.5,
2019-03-09,17.1,12.7,23.0,
2019-03-10,20.1,15.1,22.5,
2019-03-11,20.8,18.5,23.2,
2019-03-12,20.6,18.7,23.2,
2019-03-13,20.3,17.6,24.0,
2019-03-14,20.9,16.7,26.6,
2019-03-15,21.9,18.4,26.6,0.0
2019-03-16,23.1,21.4,25.0,
2019-03-17,23.8,22.0,25.6,
2019-03-18,24.9,20.8,29.5,
2019-03-19,18.9,16.6,30.1,
2019-03-20,17.2,13.8,21.0,
2019-03-21,16.4,13.0,25.0,
2019-03-22,18.8,15.5,21.2,
2019-03-23,20.5,17.0,24.5,
2019-03-24,19.6,17.0,24.5,
2019-03-25,16.0,11.5,21.4,
2019-03-26,17.4,13.7,21.2,
2019-03-27,18.6,15.5,21.5,
2019-03-28,20.1,18.2,23.0,
2019-03-29,21.4,19.4,24.2,
2019-03-30,23.6,20.3,27.5,
2019-03-31,23.9,21.5,27.6,
2019-04-01,22.4,21.0,27.2,
2019-04-02,25.1,20.7,31.7,
2019-04-03,21.1,17.5,32.4,
2019-04-04,21.6,18.5,28.7,
2019-04-05,17.6,14.0,28.7,
2019-04-06,18.1,13.9,22.0,
2019-04-07,18.9,13.5,23.5,
2019-04-08,20.2,16.5,24.5,
2019-04-09,22.1,19.4,25.7,
2019-04-10,22.4,19.4,26.2,
2019-04-11,18.1,14.5,25.5,
2019-04-12,16.6,12.5,20.0,
2019-04-13,19.7,14.7,23.6,
2019-04-14,21.4,16.9,25.5,
2019-04-15,19.1,17.0,25.4,
2019-04-16,17.9,15.0,20.6,
2019-04-17,20.1,15.8,23.5,
2019-04-18,20.2,17.0,24.0,
2019-04-19,21.6,17.7,27.5,
2019-04-20,20.1,15.2,28.0,
2019-04-21,16.9,13.5,21.4,
2019-04-22,16.7,14.6,19.5,
2019-04-23,16.4,14.5,19.4,
2019-04-24,17.5,15.0,19.2,
2019-04-25,18.7,16.8,20.5,
2019-04-26,17.9,16.4,20.5,
2019-04-27,17.9,16.0,20.0,12.7
2019-04-28,19.1,16.6,22.7,
2019-04-29,18.8,14.0,23.7,
2019-04-30,16.1,14.0,23.8,
2019-05-01,16.1,13.5,19.7,
2019-05-02,18.4,14.5,24.1,
2019-05-03,21.1,16.0,26.2,
2019-05-04,18.8,17.0,26.5,
2019-05-05,18.9,18.0,21.0,
2019-05-06,16.9,14.1,20.2,
2019-05-07,15.5,13.8,19.3,
2019-05-08,16.9,14.5,18.6,
2019-05-09,17.6,15.5,19.6,
2019-05-10,16.7,14.2,19.6,
2019-05-11,15.1,10.8,19.7,
2019-05-12,16.4,11.6,21.5,
2019-05-13,17.8,13.5,23.2,
2019-05-14,13.5,11.2,23.2,
2019-05-15,16.1,12.2,18.1,
2019-05-16,17.7,14.3,21.2,
2019-05-17,19.1,16.2,21.9,
2019-05-18,19.6,17.0,23.0,
2019-05-19,15.8,13.3,23.5,
2019-05-20,15.2,13.3,17.2,
2019-05-21,14.9,12.7,17.2,
2019-05-22,13.6,10.4,17.0,
2019-05-23,13.2,9.6,16.7,
2019-05-24,13.9,8.8,20.1,
2019-05-25,14.2,10.3,20.2,
2019-05-26,15.4,12.8,18.4,
2019-05-27,15.7,14.7,18.1,
2019-05-28,14.6,11.6,19.0,
2019-05-29,12.2,9.3,16.8,
2019-05-30,12.4,10.5,13.5,
2019-05-31,13.2,11.3,15.7,
2019-06-01,15.2,11.7,17.5,
2019-06-02,15.4,11.2,20.0,
2019-06-03,15.5,12.4,20.0,
2019-06-04,15.4,13.4,20.5,
2019-06-05,15.8,13.3,18.5,
2019-06-06,16.7,14.0,19.5,
2019-06-07,15.9,13.1,19.4,
2019-06-08,13.9,9.8,19.6,
2019-06-09,13.9,9.3,19.8,
2019-06-10,17.1,12.8,18.0,
2019-06-11,15.1,13.0,17.9,
2019-06-12,18.4,14.3,22.2,
2019-06-13,17.6,15.5,22.5,
2019-06-14,16.1,13.0,19.7,
2019-06-15,12.9,11.3,16.0,
2019-06-16,15.7,11.5,17.0,57.4
2019-06-17,15.9,13.7,17.0,20.6
2019-06-18,12.5,11.0,16.8,
2019-06-19,13.5,11.1,17.2,
2019-06-20,12.1,7.3,17.3,
2019-06-21,14.1,9.3,16.0,
2019-06-22,16.2,13.1,18.2,
2019-06-23,17.8,15.0,21.2,
2019-06-24,14.4,11.1,21.5,
2019-06-25,11.8,8.2,14.0,
2019-06-26,9.3,5.7,13.7,
2019-06-27,10.8,7.4,14.1,
2019-06-28,13.3,7.7,14.9,
2019-06-29,13.4,12.8,14.6,
2019-06-30,10.4,9.0,14.0,
2019-07-01,8.4,4.6,12.5,
2019-07-02,10.8,4.8,15.0,
2019-07-03,8.6,5.0,15.1,
2019-07-04,7.4,5.0,11.5,
2019-07-05,5.9,2.5,10.0,
2019-07-06,7.0,2.5,11.2,
2019-07-07,8.1,4.2,11.5,
2019-07-08,10.1,5.3,12.0,
2019-07-09,12.1,8.1,13.7,
2019-07-10,12.9,10.8,15.2,
2019-07-11,12.7,9.8,16.0,
2019-07-12,14.6,10.9,17.1,58.4
2019-07-13,10.1,6.8,17.1,
2019-07-14,9.4,6.0,12.5,
2019-07-15,12.6,8.2,17.1,
2019-07-16,10.9,6.6,14.7,
2019-07-17,12.6,9.7,15.6,
2019-07-18,13.1,11.0,15.6,
2019-07-19,13.6,10.9,16.7,
2019-07-20,15.1,11.9,17.5,
2019-07-21,19.5,13.6,26.0,
2019-07-22,13.1,10.4,26.0,
2019-07-23,11.2,9.5,15.6,
2019-07-24,10.2,7.3,13.5,
2019-07-25,10.6,8.3,13.5,
2019-07-26,12.4,10.3,14.1,
2019-07-27,12.4,8.3,14.5,
2019-07-28,12.1,9.2,14.7,
2019-07-29,12.5,11.2,14.8,
2019-07-30,12.1,9.0,14.6,
2019-07-31,14.1,9.5,19.2,
2019-08-01,14.6,11.2,20.0,
2019-08-02,11.5,7.8,16.9,
2019-08-03,11.7,7.2,16.2,
2019-08-04,11.7,7.3,16.3,
2019-08-05,12.7,8.3,16.5,
2019-08-06,14.7,9.3,19.6,
2019-08-07,13.8,11.5,20.4,
2019-08-08,11.8,10.9,14.8,
2019-08-09,9.4,7.8,14.5,
2019-08-10,10.6,5.6,16.2,
2019-08-11,11.7,7.7,16.5,
2019-08-12,11.9,7.8,16.0,
2019-08-13,7.1,2.6,12.9,
2019-08-14,7.3,2.5,10.5,
2019-08-15,10.7,5.7,13.0,
2019-08-16,13.5,9.8,16.7,
2019-08-17,14.8,12.5,16.5,
2019-08-18,10.3,7.3,17.0,
2019-08-19,6.4,3.8,12.0,
2019-08-20,7.8,4.7,9.6,
2019-08-21,9.1,6.7,11.2,
2019-08-22,10.6,8.8,12.5,
2019-08-23,11.3,7.5,15.5,
2019-08-24,13.5,11.0,16.0,
2019-08-25,13.9,11.9,16.5,
2019-08-26,15.9,13.0,18.5,
2019-08-27,16.7,13.8,20.1,
2019-08-28,18.4,15.3,22.0,
2019-08-29,20.1,16.3,22.2,
2019-08-30,14.7,12.8,22.7,
2019-08-31,13.9,10.0,18.5,
2019-09-01,12.1,7.3,19.6,
2019-09-02,11.0,7.6,16.2,
2019-09-03,8.5,4.0,16.5,
2019-09-04,8.9,4.8,12.6,
2019-09-05,9.3,5.6,12.6,
2019-09-06,11.4,8.6,14.5,
2019-09-07,14.6,10.9,18.7,
2019-09-08,13.9,11.8,18.9,
2019-09-09,13.3,12.2,16.7,
2019-09-10,13.2,11.3,15.0,
2019-09-11,13.0,11.0,16.2,
2019-09-12,12.7,8.4,15.7,
2019-09-13,13.4,10.0,15.8,
2019-09-14,14.6,12.2,17.5,
2019-09-15,15.6,13.4,18.7,
2019-09-16,15.7,12.3,19.5,
2019-09-17,16.1,10.6,23.2,
2019-09-18,15.9,13.2,23.7,
2019-09-19,16.4,12.1,19.1,
2019-09-20,14.4,7.3,20.7,
2019-09-21,17.1,10.3,24.0,
2019-09-22,13.8,9.3,24.4,
2019-09-23,14.2,10.9,17.7,
2019-09-24,16.7,11.4,20.5,
2019-09-25,21.6,15.2,30.7,
2019-09-26,18.6,15.2,30.7,
2019-09-27,15.4,13.4,22.5,
2019-09-28,16.5,13.3,20.2,
2019-09-29,18.9,13.8,23.2,
2019-09-30,20.8,16.9,24.2,
2019-10-01,15.0,11.9,24.2,
2019-10-02,13.8,10.3,17.0,
2019-10-03,11.4,7.8,17.0,
2019-10-04,13.7,9.7,14.5,
2019-10-05,14.8,10.8,19.0,
2019-10-06,15.6,11.7,19.5,
2019-10-07,18.9,12.9,25.5,
2019-10-08,20.7,14.3,26.1,
2019-10-09,20.1,15.0,26.5,
2019-10-10,20.9,17.4,25.6,
2019-10-11,20.3,18.3,25.6,
2019-10-12,18.9,16.6,21.9,
2019-10-13,18.1,11.7,20.3,
2019-10-14,11.1,8.8,18.9,
2019-10-15,11.8,9.6,14.0,
2019-10-16,14.2,11.8,16.2,6.1
2019-10-17,16.6,13.0,18.2,
2019-10-18,18.8,13.7,23.7,
2019-10-19,18.1,12.8,24.0,
2019-10-20,15.2,13.8,20.5,
2019-10-21,15.3,13.4,17.6,
2019-10-22,17.4,12.4,21.6,
2019-10-23,17.4,12.7,22.5,
2019-10-24,19.1,12.6,26.0,
2019-10-25,22.7,16.8,29.2,
2019-10-26,22.9,18.1,29.5,
2019-10-27,22.4,19.8,28.6,
2019-10-28,20.5,16.5,26.0,
2019-10-29,16.5,13.8,23.0,
2019-10-30,18.4,14.0,22.5,
2019-10-31,18.5,14.8,22.5,
2019-11-01,19.2,16.8,22.1,
2019-11-02,23.3,18.0,27.5,
2019-11-03,18.6,12.2,27.8,
2019-11-04,20.7,16.3,22.5,
2019-11-05,19.8,14.3,23.0,
2019-11-06,21.7,17.8,25.5,
2019-11-07,22.2,18.2,30.0,
2019-11-08,18.8,15.2,31.0,
2019-11-09,20.3,13.8,23.0,
2019-11-10,19.9,17.5,23.4,
2019-11-11,20.3,17.8,23.1,
2019-11-12,21.5,18.8,24.1,
2019-11-13,24.0,19.3,27.0,
2019-11-14,25.1,20.3,29.6,
2019-11-15,23.2,19.8,30.2,
2019-11-16,22.0,18.2,26.0,
2019-11-17,23.7,18.4,29.0,
2019-11-18,25.5,21.8,30.1,
2019-11-19,24.4,20.4,30.1,
2019-11-20,26.9,23.6,32.0,
2019-11-21,25.4,21.6,32.0,
2019-11-22,22.2,16.5,28.6,
2019-11-23,18.1,14.0,23.1,
2019-11-24,20.5,16.8,24.5,
2019-11-25,19.5,17.0,24.4,
2019-11-26,21.2,17.4,25.0,
2019-11-27,23.0,17.0,28.2,
2019-11-28,23.6,18.0,28.4,
2019-11-29,23.8,20.0,29.2,
2019-11-30,24.2,18.3,29.5,
2019-12-01,20.8,14.6,28.1,
2019-12-02,20.8,15.8,25.1,
2019-12-03,20.8,17.7,25.0,
2019-12-04,20.8,17.4,24.3,
2019-12-05,18.4,12.2,25.0,
2019-12-06,22.9,15.3,27.0,
2019-12-07,20.8,15.3,26.9,
2019-12-08,24.2,18.8,29.0,
2019-12-09,25.8,21.0,31.3,
2019-12-10,29.6,22.3,36.7,
2019-12-11,28.7,25.5,37.5,
2019-12-12,23.3,18.7,34.3,
2019-12-13,19.3,12.6,26.6,
2019-12-14,23.5,19.3,27.5,
2019-12-15,21.3,18.7,27.5,
2019-12-16,21.4,15.8,25.7,
2019-12-17,22.8,18.7,26.5,
2019-12-18,25.3,21.3,30.1,
2019-12-19,26.4,22.8,30.7,
2019-12-20,23.1,18.2,31.2,
2019-12-21,18.6,13.3,26.5,
2019-12-22,18.9,11.3,26.5,
2019-12-23,23.2,15.2,27.6,
2019-12-24,25.2,19.3,30.5,
2019-12-25,22.1,15.6,31.0,
2019-12-26,20.8,14.5,24.5,
2019-12-27,24.7,20.3,29.7,
2019-12-28,25.9,20.8,30.5,
2019-12-29,26.6,23.3,30.5,
2019-12-30,24.8,22.5,30.5,
2019-12-31,24.6,21.8,28.0,
2020-01-01,22.8,19.5,27.9,
2020-01-02,22.1,18.8,25.8,
2020-01-03,23.1,19.7,25.7,
2020-01-04,24.2,21.3,27.0,
2020-01-05,25.2,22.2,28.0,
2020-01-06,23.6,18.8,28.6,
2020-01-07,23.8,17.8,29.7,
2020-01-08,25.3,20.3,30.5,
2020-01-09,26.3,22.8,30.4,
2020-01-10,24.9,22.5,29.5,
2020-01-11,25.1,18.6,29.0,
2020-01-12,25.6,21.3,29.6,
2020-01-13,23.8,20.3,27.9,
2020-01-14,24.6,21.7,28.1,
2020-01-15,25.2,20.6,28.3,
2020-01-16,20.4,15.0,27.8,
2020-01-17,21.6,18.6,26.0,
2020-01-18,24.2,20.8,28.1,
2020-01-19,26.3,22.8,30.0,
2020-01-20,27.4,24.7,30.5,
2020-01-21,25.9,19.7,30.5,
2020-01-22,25.4,21.8,28.1,
2020-01-23,25.6,22.2,28.7,
2020-01-24,26.9,22.2,30.7,
2020-01-25,28.9,23.3,35.2,
2020-01-26,28.2,24.0,35.5,
2020-01-27,21.4,15.7,33.4,
2020-01-28,22.2,17.6,27.9,
2020-01-29,24.6,17.7,28.3,
2020-01-30,19.5,15.0,27.0,
2020-01-31,21.8,16.6,25.7,
2020-02-01,24.4,18.2,28.1,
2020-02-02,27.0,21.1,31.5,
2020-02-03,27.9,24.8,32.0,
2020-02-04,27.7,22.8,32.2,
2020-02-05,28.0,25.3,32.5,
2020-02-06,28.7,22.4,33.5,
2020-02-07,27.6,23.4,34.0,
2020-02-08,23.8,20.4,30.0,
2020-02-09,20.5,16.3,26.0,
2020-02-10,19.7,14.8,25.1,
2020-02-11,22.2,19.1,25.0,
2020-02-12,23.2,20.6,26.1,
2020-02-13,24.9,20.6,28.6,
2020-02-14,25.8,19.8,29.7,
2020-02-15,25.8,20.9,30.5,
2020-02-16,27.7,22.8,31.1,
2020-02-17,25.7,20.7,31.8,
2020-02-18,22.3,17.8,28.7,
2020-02-19,23.8,17.8,29.1,
2020-02-20,20.6,15.6,29.1,
2020-02-21,18.3,13.5,23.6,
2020-02-22,16.8,12.3,23.0,
2020-02-23,20.4,14.5,24.6,
2020-02-24,23.7,19.3,27.7,
2020-02-25,22.6,19.0,27.8,
2020-02-26,20.9,17.8,24.5,
2020-02-27,22.7,17.9,26.7,
2020-02-28,24.9,19.2,28.2,
2020-02-29,24.0,21.2,28.5,
2020-03-01,26.7,22.3,30.2,
2020-03-02,26.8,23.8,31.5,
2020-03-03,25.8,22.8,30.6,
2020-03-04,25.6,23.0,30.0,
2020-03-05,24.7,21.8,29.6,
2020-03-06,24.5,22.3,27.6,
2020-03-07,25.1,21.8,29.7,
2020-03-08,26.3,22.0,30.6,
2020-03-09,24.3,20.2,31.0,
2020-03-10,22.0,20.7,25.2,
2020-03-11,21.4,20.0,25.0,
2020-03-12,22.7,19.4,25.6,
2020-03-13,24.6,22.1,27.2,
2020-03-14,23.6,19.7,28.0,
2020-03-15,20.1,16.8,23.5,
2020-03-16,20.2,17.3,22.6,
2020-03-17,20.7,17.6,22.0,
2020-03-18,20.4,17.4,23.2,
2020-03-19,20.7,16.3,24.7,
2020-03-20,21.9,16.4,26.6,
2020-03-21,22.9,18.5,27.0,
2020-03-22,23.2,17.9,27.2,
2020-03-23,24.4,18.1,27.7,
2020-03-24,24.6,21.8,28.4,
2020-03-25,24.1,21.4,28.0,0.8
2020-03-26,22.8,21.0,25.5,0.0
2020-03-27,24.0,21.8,26.5,
2020-03-28,23.9,21.9,27.0,
2020-03-29,24.5,20.7,29.5,
2020-03-30,23.9,22.4,29.8,
2020-03-31,22.2,19.3,26.1,
2020-04-01,21.8,19.3,23.6,
2020-04-02,18.7,14.0,23.8,
2020-04-03,17.0,12.3,22.0,
2020-04-04,19.9,14.3,23.7,
2020-04-05,20.1,16.8,24.0,
2020-04-06,18.8,14.8,22.8,
2020-04-07,14.6,10.6,19.3,
2020-04-08,14.3,11.0,19.0,
2020-04-09,15.8,11.8,20.0,
2020-04-10,17.2,13.5,20.0,
2020-04-11,18.8,16.3,22.2,
2020-04-12,19.3,16.3,22.7,
2020-04-13,18.6,12.5,23.0,
2020-04-14,14.7,10.8,20.0,
2020-04-15,15.4,10.6,20.5,
2020-04-16,15.0,10.6,20.8,
2020-04-17,16.6,13.3,19.7,
2020-04-18,19.1,15.8,23.2,
2020-04-19,20.1,17.0,23.5,
2020-04-20,19.8,16.7,24.7,
2020-04-21,18.3,15.7,24.8,
2020-04-22,17.1,15.3,21.5,
2020-04-23,18.9,16.3,21.0,
2020-04-24,20.7,17.4,22.0,
2020-04-25,19.6,17.0,23.5,
2020-04-26,18.1,16.3,20.0,
2020-04-27,18.2,16.3,20.2,
2020-04-28,19.2,16.7,21.0,
2020-04-29,17.3,12.8,22.5,
2020-04-30,16.7,12.3,22.4,
2020-05-01,17.2,13.8,21.6,
2020-05-02,15.1,11.3,21.8,
2020-05-03,16.8,12.0,19.5,
2020-05-04,16.8,14.8,19.6,
2020-05-05,14.9,11.7,18.8,7.1
2020-05-06,12.3,9.0,16.8,0.0
2020-05-07,14.3,9.8,19.0,
2020-05-08,13.8,9.8,19.0,
2020-05-09,15.6,10.8,20.2,
2020-05-10,18.0,11.8,23.5,
2020-05-11,18.9,13.7,23.6,
2020-05-12,13.6,9.8,20.3,
2020-05-13,14.9,10.8,20.2,
2020-05-14,11.6,7.9,20.5,
2020-05-15,14.7,9.8,21.2,
2020-05-16,19.4,11.8,27.0,
2020-05-17,19.5,14.3,27.3,
2020-05-18,16.5,14.1,24.8,
2020-05-19,17.9,15.0,22.2,
2020-05-20,18.4,15.3,22.5,
2020-05-21,15.8,12.8,22.0,
2020-05-22,13.4,11.5,15.6,
2020-05-23,12.7,8.6,16.7,
2020-05-24,12.7,8.8,17.2,
2020-05-25,14.9,9.8,17.0,
2020-05-26,13.4,10.3,17.2,
2020-05-27,13.8,10.0,18.0,
2020-05-28,14.7,10.3,18.0,
2020-05-29,14.7,11.7,17.7,
2020-05-30,13.5,9.0,18.1,
2020-05-31,10.1,7.0,15.4,
2020-06-01,10.5,6.8,13.5,
2020-06-02,9.6,6.0,14.0,
2020-06-03,11.3,7.5,14.5,
2020-06-04,11.3,8.8,14.5,
2020-06-05,12.8,10.5,15.6,
2020-06-06,15.6,11.8,17.0,
2020-06-07,15.1,13.6,17.0,
2020-06-08,15.0,12.7,17.6,
2020-06-09,13.5,10.3,19.9,
2020-06-10,13.2,10.3,17.5,
2020-06-11,12.4,8.8,16.7,
2020-06-12,15.3,10.7,18.5,
2020-06-13,10.7,7.6,18.5,
2020-06-14,7.8,2.6,12.0,
2020-06-15,11.4,4.3,14.0,
2020-06-16,16.0,9.5,20.5,
2020-06-17,18.7,14.3,22.2,
2020-06-18,16.4,11.8,22.2,
2020-06-19,13.0,10.6,18.6,
2020-06-20,12.1,8.8,15.5,
2020-06-21,14.3,10.3,17.7,
2020-06-22,12.3,9.2,18.2,
2020-06-23,13.9,12.1,15.1,
2020-06-24,13.1,10.8,14.5,
2020-06-25,10.6,7.3,14.5,
2020-06-26,9.5,4.8,14.0,
2020-06-27,10.7,5.0,14.5,
2020-06-28,9.5,5.8,14.6,
2020-06-29,11.5,8.0,13.0,
2020-06-30,11.3,9.2,13.3,23.6
2020-07-01,8.1,5.4,12.8,
2020-07-02,8.1,4.8,11.0,
2020-07-03,9.5,5.8,13.5,0.0
2020-07-04,11.1,7.0,14.0,
2020-07-05,11.2,9.2,13.5,
2020-07-06,8.8,5.8,13.8,
2020-07-07,8.7,6.6,11.6,
2020-07-08,9.1,6.2,13.0,
2020-07-09,10.2,6.3,14.9,0.0
2020-07-10,10.9,7.2,15.0,
2020-07-11,9.8,4.8,16.7,
2020-07-12,10.7,6.3,14.5,
2020-07-13,10.2,8.4,14.5,0.0
2020-07-14,7.6,2.9,12.9,
2020-07-15,8.1,4.3,12.3,
2020-07-16,10.5,5.3,13.0,
2020-07-17,11.1,8.5,14.2,
2020-07-18,13.6,8.8,16.3,
2020-07-19,15.3,11.1,20.7,
2020-07-20,16.7,13.0,22.0,
2020-07-21,14.1,12.0,22.1,0.0
2020-07-22,13.9,11.8,16.0,
2020-07-23,13.3,10.1,15.2,
2020-07-24,8.7,5.5,13.5,
2020-07-25,8.7,4.0,14.0,
2020-07-26,10.8,5.3,16.2,
2020-07-27,11.3,8.1,16.5,
2020-07-28,8.0,2.8,14.9,
2020-07-29,8.2,3.3,12.5,
2020-07-30,10.7,5.9,14.0,
2020-07-31,10.7,7.7,13.8,
2020-08-01,12.2,8.3,16.1,
2020-08-02,17.2,10.8,20.0,
2020-08-03,14.7,11.7,20.8,
2020-08-04,17.1,11.6,21.4,
2020-08-05,18.1,15.3,21.7,
2020-08-06,16.8,10.7,22.7,
2020-08-07,11.1,10.4,17.2,14.0
2020-08-08,13.8,9.8,17.0,
2020-08-09,13.9,10.8,17.2,0.0
2020-08-10,15.3,12.8,17.5,0.0
2020-08-11,10.4,6.0,17.1,
2020-08-12,9.6,3.8,15.2,
2020-08-13,12.0,7.2,17.8,
2020-08-14,12.0,7.3,18.2,
2020-08-15,12.6,7.8,16.6,
2020-08-16,11.6,4.3,18.9,
2020-08-17,12.7,6.8,19.1,
2020-08-18,14.6,9.9,20.7,
2020-08-19,9.7,6.4,21.2,
2020-08-20,8.4,3.8,13.1,
2020-08-21,11.1,5.3,16.7,
2020-08-22,11.6,7.0,17.0,
2020-08-23,13.8,8.7,17.3,
2020-08-24,15.8,11.5,20.1,
2020-08-25,16.5,13.9,20.3,
2020-08-26,16.8,14.3,20.2,
2020-08-27,14.1,11.3,20.7,
2020-08-28,14.1,11.5,16.0,
2020-08-29,14.6,12.8,16.4,9.9
2020-08-30,8.6,3.1,15.1,0.3
2020-08-31,10.2,5.4,12.8,0.0
2020-09-01,9.3,7.6,13.0,
2020-09-02,10.8,8.8,11.5,16.0
2020-09-03,10.2,7.8,12.6,0.0
2020-09-04,12.3,7.4,16.1,
2020-09-05,12.6,10.7,17.0,
2020-09-06,10.9,8.4,14.9,
2020-09-07,11.6,8.3,14.5,
2020-09-08,14.0,11.0,18.3,
2020-09-09,15.6,12.6,18.5,
2020-09-10,15.4,12.7,18.2,
2020-09-11,16.9,13.3,19.7,
2020-09-12,12.8,9.7,20.3,
2020-09-13,14.6,9.3,17.8,
2020-09-14,12.9,8.8,17.8,
2020-09-15,12.9,10.3,15.0,
2020-09-16,13.8,9.9,16.5,
2020-09-17,17.0,9.8,25.9,
2020-09-18,18.2,13.8,26.0,
2020-09-19,13.7,10.3,19.6,
2020-09-20,13.8,8.3,20.1,
2020-09-21,11.4,7.0,20.3,
2020-09-22,13.1,9.8,17.2,
2020-09-23,16.0,10.8,20.6,
2020-09-24,16.0,12.8,20.8,
2020-09-25,16.6,14.6,20.0,
2020-09-26,16.3,14.2,19.3,35.1
2020-09-27,15.6,13.2,19.5,0.0
2020-09-28,15.8,8.8,22.8,
2020-09-29,17.4,12.9,22.8,
2020-09-30,18.9,16.2,23.2,
2020-10-01,18.1,14.2,23.5,
2020-10-02,12.6,9.3,20.9,
2020-10-03,9.4,6.8,15.3,
2020-10-04,12.3,8.5,15.5,
2020-10-05,14.1,11.5,18.0,
2020-10-06,14.6,10.6,18.0,
2020-10-07,18.3,12.3,25.7,
2020-10-08,16.4,12.4,25.8,
2020-10-09,18.8,13.3,23.8,
2020-10-10,16.2,12.4,24.5,
2020-10-11,16.9,13.3,19.6,0.3
2020-10-12,16.1,11.2,22.4,0.0
2020-10-13,17.4,12.8,22.5,
2020-10-14,19.6,15.5,24.0,
2020-10-15,16.3,12.6,24.2,
2020-10-16,18.6,14.8,21.2,
2020-10-17,20.1,17.8,21.6,
2020-10-18,22.8,19.0,27.2,
2020-10-19,23.2,21.9,28.5,
2020-10-20,14.6,12.2,25.8,52.1
2020-10-21,15.1,12.2,17.0,
2020-10-22,15.6,14.0,17.3,21.1
2020-10-23,18.2,14.2,20.5,
2020-10-24,18.4,16.4,21.0,0.0
2020-10-25,19.7,18.2,21.5,
2020-10-26,18.4,15.6,21.8,18.0
2020-10-27,17.1,13.6,22.7,0.0
2020-10-28,16.4,13.0,20.4,
2020-10-29,14.6,11.6,20.5,0.5
2020-10-30,13.9,9.3,18.8,0.0
2020-10-31,16.1,12.5,19.7,
2020-11-01,18.2,15.3,21.1,
2020-11-02,19.3,16.8,21.4,
2020-11-03,18.7,16.4,21.6,
2020-11-04,18.8,15.7,23.0,
2020-11-05,19.1,15.5,22.5,
2020-11-06,20.1,16.8,24.0,
2020-11-07,20.7,18.8,24.8,
2020-11-08,20.7,18.3,23.5,
2020-11-09,19.6,18.0,23.7,
2020-11-10,20.3,17.5,22.5,
2020-11-11,20.2,17.3,23.5,
2020-11-12,20.1,18.3,23.0,
2020-11-13,20.7,18.6,23.0,
2020-11-14,22.0,19.1,24.7,
2020-11-15,20.8,15.8,25.2,
2020-11-16,19.7,15.3,25.0,
2020-11-17,21.6,17.2,24.7,
2020-11-18,22.3,18.3,25.0,
2020-11-19,19.7,17.4,22.6,
2020-11-20,20.1,17.6,23.2,
2020-11-21,21.6,18.3,25.5,
2020-11-22,22.7,18.8,26.5,
2020-11-23,24.0,19.3,30.5,
2020-11-24,25.7,20.9,31.2,
2020-11-25,22.5,19.6,31.5,
2020-11-26,22.3,18.0,25.6,
2020-11-27,21.8,17.3,26.1,
2020-11-28,22.9,18.5,26.8,
2020-11-29,24.1,18.0,31.7,
2020-11-30,18.2,12.8,31.8,
2020-12-01,20.3,16.0,26.2,
2020-12-02,22.7,19.0,26.7,
2020-12-03,21.8,17.8,28.5,10.9
2020-12-04,19.8,15.2,26.0,0.0
2020-12-05,16.9,13.0,22.0,
2020-12-06,18.2,15.3,22.5,
2020-12-07,20.9,16.3,24.5,
2020-12-08,22.1,19.0,25.5,
2020-12-09,24.4,20.3,30.6,
2020-12-10,27.1,22.7,32.0,
2020-12-11,25.3,16.5,32.0,
2020-12-12,23.6,16.2,28.3,
2020-12-13,21.4,15.3,31.7,9.9
2020-12-14,22.1,16.3,26.9,0.0
2020-12-15,20.5,17.8,27.3,
2020-12-16,20.3,15.8,24.9,
2020-12-17,23.1,18.8,28.0,
2020-12-18,25.6,21.3,31.6,
2020-12-19,23.8,19.8,31.6,
2020-12-20,18.6,13.6,27.2,
2020-12-21,19.6,14.6,23.8,
2020-12-22,23.5,17.4,28.3,
2020-12-23,25.7,21.4,30.2,
2020-12-24,25.5,22.4,30.7,
2020-12-25,24.9,22.8,30.5,
2020-12-26,25.2,22.6,28.2,
2020-12-27,24.4,21.3,29.0,
2020-12-28,26.1,23.0,29.3,
2020-12-29,26.1,23.5,30.1,0.0
2020-12-30,24.6,19.3,29.3,
2020-12-31,22.3,15.2,29.1,
2021-01-01,25.3,20.3,30.8,
2021-01-02,25.8,22.4,32.0,0.0
2021-01-03,25.9,22.8,32.0,0.0
2021-01-04,24.8,22.3,29.5,0.0
2021-01-05,24.8,22.3,28.3,5.2
2021-01-06,23.1,19.8,28.5,0.3
2021-01-07,25.2,19.1,34.0,0.0
2021-01-08,25.9,21.6,34.0,0.0
2021-01-09,23.1,20.5,27.6,6.7
2021-01-10,25.3,22.6,29.1,0.0
2021-01-11,22.3,18.3,29.3,21.1
2021-01-12,21.0,16.8,24.3,18.0
2021-01-13,21.6,17.3,25.0,0.0
2021-01-14,22.4,18.0,27.2,0.0
2021-01-15,22.1,20.7,27.3,0.0
2021-01-16,24.7,20.3,31.6,4.1
2021-01-17,21.1,16.6,31.6,0.0
2021-01-18,22.9,17.2,27.5,0.0
2021-01-19,25.4,20.8,30.7,0.0
2021-01-20,26.6,23.8,30.8,0.0
2021-01-21,25.2,22.3,30.6,0.0
2021-01-22,25.6,22.3,30.0,0.0
2021-01-23,27.3,23.5,32.0,0.0
2021-01-24,28.4,24.8,33.0,0.0
2021-01-25,28.3,23.8,33.5,0.0
2021-01-26,28.9,26.3,33.4,0.1
2021-01-27,27.0,24.3,34.8,0.0
2021-01-28,24.3,21.2,31.0,2.4
2021-01-29,23.4,18.4,27.0,18.0
2021-01-30,21.8,16.3,28.0,18.4
2021-01-31,18.2,16.0,24.7,8.6
2021-02-01,20.0,17.0,22.7,61.0
2021-02-02,21.2,18.3,25.7,0.6
2021-02-03,22.2,19.7,25.0,0.0
2021-02-04,23.1,17.8,28.7,0.5
2021-02-05,21.6,17.0,29.3,0.0
2021-02-06,23.6,18.4,28.5,0.0
2021-02-07,25.4,20.2,29.4,0.0
2021-02-08,22.7,20.1,29.1,2.0
2021-02-09,21.1,18.6,27.1,0.0
2021-02-10,20.4,19.5,24.5,5.7
2021-02-11,21.9,20.0,25.0,8.0
2021-02-12,23.1,21.0,26.0,10.8
2021-02-13,24.1,21.0,25.5,1.6
2021-02-14,23.6,20.6,26.2,5.1
2021-02-15,23.0,19.0,28.0,33.0
2021-02-16,21.1,16.8,28.6,0.0
2021-02-17,22.1,17.9,26.7,0.2
2021-02-18,24.2,19.3,27.7,0.0
2021-02-19,24.7,22.0,28.4,0.0
2021-02-20,23.4,17.0,25.0,0.0
2021-02-21,26.1,20.6,27.7,0.0
2021-02-22,23.9,18.6,28.0,6.4
2021-02-23,23.1,20.2,26.8,0.2
2021-02-24,24.8,19.7,31.0,0.0
2021-02-25,25.5,21.8,31.0,0.0
2021-02-26,26.3,24.0,29.2,0.0
2021-02-27,25.4,22.6,29.0,0.0
2021-02-28,25.2,22.4,28.0,0.0
2021-03-01,25.3,23.0,28.4,0.6
2021-03-02,25.1,23.3,27.5,0.3
2021-03-03,25.5,23.2,28.3,0.6
2021-03-04,25.1,23.5,27.5,2.6
2021-03-05,22.7,19.6,27.5,0.1
2021-03-06,20.5,15.8,23.2,0.0
2021-03-07,22.9,18.9,27.0,0.0
2021-03-08,26.0,21.3,31.9,1.6
2021-03-09,20.9,16.3,31.9,0.0
2021-03-10,22.9,19.8,26.1,0.0
2021-03-11,25.5,21.3,30.5,0.0
2021-03-12,24.2,20.6,31.5,0.0
2021-03-13,22.6,19.5,26.5,0.0
2021-03-14,23.8,21.3,28.8,0.0
2021-03-15,23.5,21.3,29.2,0.2
2021-03-16,22.4,21.3,25.8,32.0
2021-03-17,19.4,15.4,23.0,0.7
2021-03-18,15.6,11.3,21.7,0.0
2021-03-19,18.6,12.8,21.5,5.3
2021-03-20,19.6,17.0,22.0,28.0
2021-03-21,19.3,15.3,23.2,0.0
2021-03-22,19.5,15.4,23.3,0.6
2021-03-23,20.9,17.8,23.7,0.0
2021-03-24,22.7,19.3,25.7,0.0
2021-03-25,21.4,20.5,25.9,51.1
2021-03-26,21.3,19.0,23.2,3.3
2021-03-27,20.7,18.6,23.5,2.1
2021-03-28,19.9,16.8,24.0,1.5
2021-03-29,20.6,16.8,24.2,0.0
2021-03-30,19.2,15.6,24.6,0.0
2021-03-31,20.2,17.8,22.1,0.1
2021-04-01,20.4,19.3,22.5,2.0
2021-04-02,20.4,18.6,23.0,0.0
2021-04-03,21.0,19.6,23.1,0.0
2021-04-04,21.1,19.3,23.5,0.0
2021-04-05,22.6,19.8,25.2,0.0
2021-04-06,22.9,20.8,26.0,0.0
2021-04-07,24.0,21.6,27.0,0.0
2021-04-08,23.8,20.9,27.0,7.1
2021-04-09,21.5,20.3,25.5,24.9
2021-04-10,21.4,20.2,23.7,0.0
2021-04-11,19.4,14.8,21.6,2.7
2021-04-12,18.9,13.8,24.0,0.0
2021-04-13,19.3,14.8,24.0,0.0
2021-04-14,20.6,18.8,23.2,0.0
2021-04-15,21.0,17.1,23.3,0.0
2021-04-16,20.8,17.6,23.7,0.0
2021-04-17,21.2,18.8,23.3,0.0
2021-04-18,20.2,18.2,23.5,0.0
2021-04-19,20.9,17.3,23.0,0.0
2021-04-20,20.9,18.3,23.7,0.0
2021-04-21,21.1,18.3,24.0,0.0
2021-04-22,20.9,17.8,24.1,0.4
2021-04-23,20.9,16.7,24.2,4.0
2021-04-24,18.5,15.8,25.1,1.3
2021-04-25,16.2,11.3,22.5,0.2
2021-04-26,16.6,11.6,20.5,0.0
2021-04-27,16.7,12.3,20.4,0.0
2021-04-28,18.1,13.1,23.0,0.0
2021-04-29,18.2,12.8,23.7,0.0
2021-04-30,19.2,14.8,22.1,0.0
2021-05-01,19.8,15.8,23.0,0.0
2021-05-02,20.6,17.8,24.0,0.0
2021-05-03,20.7,16.9,24.3,11.0
2021-05-04,14.8,11.3,22.2,0.0
2021-05-05,12.3,7.8,17.1,0.0
2021-05-06,12.8,6.9,18.0,0.0
2021-05-07,13.1,8.8,18.5,0.0
2021-05-08,15.0,12.3,16.8,0.0
2021-05-09,15.2,12.8,16.2,0.0
2021-05-10,15.1,12.5,18.2,0.1
2021-05-11,12.7,8.0,18.5,0.0
2021-05-12,13.0,7.0,18.2,0.0
2021-05-13,13.3,8.0,18.6,0.0
2021-05-14,13.8,8.4,18.4,0.0
2021-05-15,13.7,9.5,16.8,0.0
2021-05-16,14.0,9.8,17.1,0.0
2021-05-17,13.6,9.4,17.0,0.0
2021-05-18,12.4,8.1,17.6,0.0
2021-05-19,13.6,11.1,15.2,1.0
2021-05-20,14.4,11.3,15.8,0.0
2021-05-21,14.5,12.5,16.3,5.3
2021-05-22,13.8,12.6,15.0,58.9
2021-05-23,13.1,11.6,14.7,1.5
2021-05-24,12.8,7.5,18.0,0.0
2021-05-25,13.9,8.4,18.2,0.0
2021-05-26,13.5,7.2,19.8,0.0
2021-05-27,16.3,10.1,20.7,0.0
2021-05-28,16.2,11.2,21.4,0.0
2021-05-29,12.7,9.8,21.1,0.0
2021-05-30,10.7,6.4,15.7,0.0
2021-05-31,14.4,7.0,19.3,0.0
2021-06-01,16.3,10.9,20.3,0.0
2021-06-02,14.6,12.0,18.3,0.0
2021-06-03,12.6,8.6,17.6,0.0
2021-06-04,15.0,11.0,18.6,4.9
2021-06-05,14.8,12.5,18.7,11.4
2021-06-06,11.1,6.3,17.2,0.0
2021-06-07,12.2,7.8,14.6,0.0
2021-06-08,14.1,9.9,15.9,0.0
2021-06-09,15.4,13.1,16.1,0.5
2021-06-10,16.2,13.6,20.1,0.0
2021-06-11,12.0,6.3,20.4,0.0
2021-06-12,14.6,8.3,20.1,0.0
2021-06-13,15.2,10.8,20.7,0.0
2021-06-14,14.2,11.1,19.4,0.0
2021-06-15,9.6,5.4,17.3,0.0
2021-06-16,8.4,4.8,13.2,0.0
2021-06-17,8.4,4.3,10.8,0.0
2021-06-18,7.8,4.9,11.4,0.2
2021-06-19,8.7,5.6,11.8,0.0
2021-06-20,9.4,5.6,11.6,0.0
2021-06-21,10.3,6.3,12.2,0.0
2021-06-22,12.3,9.8,21.0,0.0
2021-06-23,13.3,11.4,14.6,2.5
2021-06-24,14.0,12.8,16.7,1.3
2021-06-25,12.3,6.7,17.1,0.0
2021-06-26,11.8,7.4,15.6,2.8
2021-06-27,6.9,5.5,14.3,0.5
2021-06-28,7.6,5.1,9.2,0.0
2021-06-29,8.3,6.0,9.7,0.0
2021-06-30,7.7,4.6,9.9,0.0
2021-07-01,9.2,5.4,11.0,0.0
2021-07-02,11.4,6.3,17.0,0.0
2021-07-03,11.2,5.6,18.5,0.0
2021-07-04,10.2,5.8,18.9,0.0
2021-07-05,10.1,6.5,14.1,0.0
2021-07-06,11.2,8.8,14.0,0.0
2021-07-07,14.1,10.2,15.6,2.0
2021-07-08,13.6,10.1,18.4,4.1
2021-07-09,16.1,11.8,19.0,0.0
2021-07-10,16.3,11.7,19.6,0.1
2021-07-11,10.9,6.2,16.8,0.3
2021-07-12,14.4,7.5,17.4,11.9
2021-07-13,13.9,12.0,17.6,0.5
2021-07-14,11.1,9.5,15.8,0.0
2021-07-15,12.0,10.0,15.5,3.0
2021-07-16,10.3,5.8,15.7,0.0
2021-07-17,10.3,6.3,13.7,0.0
2021-07-18,8.8,5.6,13.6,0.0
2021-07-19,7.8,3.0,12.6,0.0
2021-07-20,10.2,4.5,16.9,0.0
2021-07-21,10.9,6.2,17.6,0.0
2021-07-22,12.5,7.9,15.3,0.0
2021-07-23,14.3,10.6,18.9,0.0
2021-07-24,14.3,11.8,19.8,3.1
2021-07-25,14.8,12.0,17.0,24.9
2021-07-26,12.4,9.2,17.7,0.0
2021-07-27,8.6,4.3,15.8,0.0
2021-07-28,7.9,4.5,11.8,0.0
2021-07-29,8.2,3.4,13.7,0.0
2021-07-30,9.7,4.5,13.6,0.0
2021-07-31,10.6,5.8,13.8,0.0
2021-08-01,10.2,6.4,15.1,0.0
2021-08-02,8.9,6.3,15.7,0.0
2021-08-03,11.2,6.4,14.3,0.0
2021-08-04,10.4,7.5,14.6,0.0
2021-08-05,11.3,9.1,13.5,0.0
2021-08-06,13.9,10.4,18.3,0.0
2021-08-07,16.3,12.9,20.8,0.0
2021-08-08,13.3,8.5,21.5,28.2
2021-08-09,8.6,6.6,13.0,32.0
2021-08-10,7.6,3.8,10.3,0.0
2021-08-11,9.2,3.8,15.5,0.0
2021-08-12,8.8,6.4,15.9,0.0
2021-08-13,9.8,7.3,11.8,0.0
2021-08-14,11.1,8.8,13.0,0.0
2021-08-15,9.6,7.3,13.1,0.0
2021-08-16,11.6,8.2,14.4,0.0
2021-08-17,13.8,11.0,16.6,0.0
2021-08-18,13.4,11.5,17.3,0.0
2021-08-19,14.3,11.8,17.8,10.9
2021-08-20,15.6,10.9,19.8,0.0
2021-08-21,13.9,10.0,20.6,0.0
2021-08-22,15.9,9.4,21.0,0.3
2021-08-23,13.4,9.3,21.2,0.0
2021-08-24,11.6,8.0,16.3,0.0
2021-08-25,11.7,8.7,14.0,0.0
2021-08-26,12.8,7.9,18.8,0.0
2021-08-27,12.8,9.8,19.1,0.0
2021-08-28,13.7,11.1,17.3,0.0
2021-08-29,13.6,8.8,17.4,0.0
2021-08-30,15.8,11.8,20.5,0.0
2021-08-31,19.2,14.8,23.6,0.0
2021-09-01,18.1,15.4,24.1,31.0
2021-09-02,15.1,13.5,19.7,36.1
2021-09-03,14.6,13.2,16.9,2.0
2021-09-04,13.8,12.2,16.7,0.0
2021-09-05,13.7,10.3,16.1,0.8
2021-09-06,14.3,12.6,16.6,0.0
2021-09-07,15.0,12.8,17.6,7.1
2021-09-08,15.2,14.1,16.1,27.9
2021-09-09,13.9,12.3,15.8,26.9
2021-09-10,13.5,11.4,15.3,0.0
2021-09-11,15.1,11.5,17.4,0.0
2021-09-12,17.3,13.9,23.5,0.1
2021-09-13,16.4,13.8,24.0,0.2
2021-09-14,15.1,10.8,19.1,0.0
2021-09-15,14.1,8.1,20.5,0.0
2021-09-16,15.9,12.3,21.4,0.0
2021-09-17,17.4,14.8,21.9,0.0
2021-09-18,16.9,14.0,20.6,0.0
2021-09-19,16.4,13.5,19.3,0.0
2021-09-20,17.2,14.8,19.4,0.0
2021-09-21,12.2,8.0,19.6,0.0
2021-09-22,12.9,8.7,15.5,1.6
2021-09-23,15.1,12.8,16.6,0.5
2021-09-24,14.9,12.6,17.4,0.0
2021-09-25,15.1,12.4,18.0,0.0
2021-09-26,18.3,12.9,21.7,0.0
2021-09-27,15.4,13.2,22.1,0.0
2021-09-28,13.9,10.3,16.2,0.2
2021-09-29,16.0,12.8,18.5,0.0
2021-09-30,16.8,15.0,17.8,14.9
2021-10-01,17.5,11.8,23.4,0.0
2021-10-02,16.6,13.3,24.3,1.9
2021-10-03,13.4,8.2,18.6,0.0
2021-10-04,15.2,9.6,21.2,0.0
2021-10-05,16.8,11.8,21.6,0.0
2021-10-06,16.0,11.3,21.4,0.0
2021-10-07,11.8,7.8,18.2,0.0
2021-10-08,13.2,10.5,15.3,1.1
2021-10-09,15.3,13.0,17.7,0.0
2021-10-10,16.6,13.8,19.1,0.7
2021-10-11,17.1,15.6,19.8,3.5
2021-10-12,17.3,14.7,20.1,0.1
2021-10-13,18.1,16.6,20.3,2.9
2021-10-14,17.4,12.8,24.3,0.0
2021-10-15,14.7,10.8,24.6,0.0
2021-10-16,15.1,9.4,19.6,0.0
2021-10-17,16.9,11.8,20.5,0.0
2021-10-18,17.3,13.4,21.0,0.0
2021-10-19,16.4,12.8,19.9,0.0
2021-10-20,18.3,15.1,21.5,0.0
2021-10-21,20.2,16.8,23.5,0.0
2021-10-22,20.1,15.6,24.4,4.3
2021-10-23,17.9,14.1,23.1,6.1
2021-10-24,18.7,10.0,25.5,2.0
2021-10-25,23.5,16.3,30.7,0.0
2021-10-26,23.4,17.3,31.1,0.0
2021-10-27,25.3,19.4,31.3,0.0
2021-10-28,25.8,20.5,31.2,0.0
2021-10-29,24.4,21.6,31.8,0.0
2021-10-30,23.8,20.1,27.4,0.0
2021-10-31,19.7,15.3,27.9,0.1
2021-11-01,17.4,14.4,20.7,0.0
2021-11-02,18.9,15.8,23.0,4.1
2021-11-03,21.1,17.3,23.5,1.2
2021-11-04,21.9,18.8,24.6,0.0
2021-11-05,18.5,13.8,24.2,0.8
2021-11-06,16.3,12.3,20.0,0.0
2021-11-07,18.2,15.7,21.0,3.9
2021-11-08,21.0,16.5,25.0,0.0
2021-11-09,20.1,17.5,25.6,0.0
2021-11-10,19.3,16.2,22.3,0.0
2021-11-11,20.1,16.8,23.0,0.0
2021-11-12,19.8,15.5,23.4,0.0
2021-11-13,21.4,16.5,26.6,3.7
2021-11-14,21.9,17.0,26.7,20.1
2021-11-15,24.0,19.4,27.7,0.5
2021-11-16,19.8,14.7,28.3,0.3
2021-11-17,15.1,9.5,21.6,0.0
2021-11-18,18.7,11.8,24.0,0.0
2021-11-19,22.1,16.3,27.1,0.0
2021-11-20,22.3,18.2,27.3,0.0
2021-11-21,27.4,21.4,33.5,0.0
2021-11-22,28.1,23.8,35.2,0.4
2021-11-23,19.6,15.0,35.6,0.0
2021-11-24,24.1,16.6,30.7,0.0
2021-11-25,22.4,18.6,30.9,18.6
2021-11-26,21.6,17.4,25.0,0.0
2021-11-27,22.0,20.1,25.2,0.0
2021-11-28,20.5,17.7,25.6,17.0
2021-11-29,20.8,16.3,25.4,0.0
2021-11-30,20.9,15.5,26.0,0.0
2021-12-01,19.6,17.6,26.3,0.0
2021-12-02,20.2,16.5,23.0,0.0
2021-12-03,21.4,18.0,24.2,0.1
2021-12-04,21.3,18.8,24.6,0.0
2021-12-05,20.9,18.9,23.6,6.8
2021-12-06,21.3,18.4,23.7,0.4
2021-12-07,22.4,19.6,25.7,0.0
2021-12-08,22.6,18.8,26.3,0.0
2021-12-09,22.4,19.4,26.6,0.0
2021-12-10,21.9,19.8,24.8,0.4
2021-12-11,23.2,20.3,27.3,0.0
2021-12-12,24.4,21.5,29.4,4.9
2021-12-13,24.3,22.0,29.8,0.1
2021-12-14,23.2,20.3,26.6,0.8
2021-12-15,22.1,19.6,25.6,9.7
2021-12-16,21.2,17.6,24.5,0.0
2021-12-17,21.8,17.8,24.9,0.0
2021-12-18,23.1,20.0,26.0,0.0
2021-12-19,24.2,20.4,27.2,0.0
2021-12-20,24.8,21.9,28.1,0.0
2021-12-21,24.3,22.6,28.1,6.7
2021-12-22,24.7,21.7,27.5,0.0
2021-12-23,24.7,21.6,27.8,0.0
2021-12-24,26.3,22.8,30.5,0.0
2021-12-25,25.9,21.8,32.1,2.8
2021-12-26,25.3,20.3,31.5,0.0
2021-12-27,24.9,21.8,30.6,0.0
2021-12-28,26.8,23.0,31.4,0.0
2021-12-29,29.4,24.2,33.5,0.0
2021-12-30,29.4,25.5,33.7,0.3
2021-12-31,26.9,21.9,34.5,0.0
2022-01-01,24.8,20.7,29.1,2.3
2022-01-02,24.7,19.2,29.7,1.5
2022-01-03,27.9,24.1,31.7,6.7
2022-01-04,28.2,24.8,32.6,3.9
2022-01-05,21.7,16.7,31.7,0.0
2022-01-06,22.1,18.8,25.7,0.0
2022-01-07,23.8,20.6,26.6,0.0
2022-01-08,24.4,21.8,27.1,0.0
2022-01-09,24.9,20.9,29.5,0.0
2022-01-10,26.9,22.8,31.3,0.0
2022-01-11,29.4,24.7,34.9,0.1
2022-01-12,26.1,22.0,36.0,0.0
2022-01-13,26.9,22.8,32.3,0.0
2022-01-14,30.2,25.4,36.2,0.0
2022-01-15,31.3,27.2,37.0,0.9
2022-01-16,27.2,22.3,35.6,4.8
2022-01-17,25.2,20.9,32.4,29.1
2022-01-18,23.8,22.8,27.5,17.1
2022-01-19,23.8,21.1,26.2,0.8
2022-01-20,25.3,21.8,28.4,0.0
2022-01-21,26.4,24.5,29.0,6.6
2022-01-22,24.9,21.7,29.3,14.0
2022-01-23,23.6,20.8,28.6,0.0
2022-01-24,25.8,22.3,28.7,0.0
2022-01-25,26.9,25.3,28.9,13.2
2022-01-26,25.7,18.7,29.7,3.0
2022-01-27,19.2,14.8,28.3,0.0
2022-01-28,20.2,16.5,24.1,0.1
2022-01-29,23.3,20.0,26.7,0.0
2022-01-30,25.2,21.8,28.3,0.0
2022-01-31,23.7,18.8,28.6,0.0
2022-02-01,22.1,18.8,27.5,0.0
2022-02-02,25.4,19.9,29.5,0.0
2022-02-03,23.7,19.8,30.3,8.9
2022-02-04,23.3,20.6,25.8,0.0
2022-02-05,21.4,17.7,26.1,0.0
2022-02-06,18.3,14.2,22.8,0.5
2022-02-07,20.2,16.0,24.5,0.0
2022-02-08,21.0,17.8,25.3,0.0
2022-02-09,22.2,18.9,26.5,0.0
2022-02-10,24.1,20.4,27.7,0.0
2022-02-11,23.6,18.0,28.2,1.2
2022-02-12,18.2,13.9,29.5,1.9
2022-02-13,20.1,12.8,27.3,0.0
2022-02-14,23.9,17.3,28.6,0.0
2022-02-15,25.1,20.9,29.9,0.0
2022-02-16,27.1,23.5,31.6,0.2
2022-02-17,22.1,18.3,31.8,0.0
2022-02-18,20.9,17.4,24.9,0.0
2022-02-19,23.2,20.4,26.0,0.0
2022-02-20,21.6,18.7,27.1,21.5
2022-02-21,22.2,17.8,27.2,0.0
2022-02-22,22.0,17.6,27.3,0.0
2022-02-23,22.4,18.0,25.3,0.0
2022-02-24,22.2,20.6,25.0,21.2
2022-02-25,22.8,17.6,26.6,0.0
2022-02-26,24.3,22.6,27.7,25.5
2022-02-27,23.1,21.8,25.6,246.9
2022-02-28,23.8,20.3,28.9,0.0
2022-03-01,21.4,16.8,29.2,0.0
2022-03-02,24.2,18.9,30.6,0.0
2022-03-03,22.8,19.0,31.1,0.0
2022-03-04,23.4,21.3,25.6,10.9
2022-03-05,23.7,21.5,26.1,5.7
2022-03-06,23.1,20.8,25.1,0.0
2022-03-07,22.8,16.3,26.2,14.0
2022-03-08,22.6,17.8,27.0,0.0
2022-03-09,21.0,18.5,26.1,10.9
2022-03-10,20.3,17.3,23.1,0.2
2022-03-11,20.1,15.7,23.7,0.0
2022-03-12,19.6,15.1,24.5,0.0
2022-03-13,20.2,15.9,22.8,0.0
2022-03-14,21.3,15.8,25.2,0.0
2022-03-15,23.4,19.0,28.7,0.0
2022-03-16,24.1,19.8,29.1,0.0
2022-03-17,24.8,21.3,28.1,0.2
2022-03-18,18.7,11.5,28.6,7.1
2022-03-19,15.3,11.4,19.4,6.1
2022-03-20,17.5,13.0,20.2,0.0
2022-03-21,18.5,15.3,21.6,2.6
2022-03-22,20.4,16.3,22.5,2.2
2022-03-23,22.1,19.0,24.0,5.0
2022-03-24,17.3,11.9,24.3,17.0
2022-03-25,14.8,10.1,21.1,6.1
2022-03-26,19.3,12.0,24.1,3.0
2022-03-27,21.0,14.0,27.7,0.0
2022-03-28,21.4,16.7,28.6,0.0
2022-03-29,21.8,19.3,28.2,2.9
2022-03-30,14.3,9.5,28.7,0.0
2022-03-31,14.3,9.3,19.0,0.0
2022-04-01,15.2,11.6,20.1,0.0
2022-04-02,17.8,14.0,21.4,0.0
2022-04-03,19.3,15.5,23.3,0.0
2022-04-04,16.8,11.8,24.1,0.0
2022-04-05,16.8,11.2,21.3,0.0
2022-04-06,19.6,15.0,24.5,0.0
2022-04-07,20.6,17.6,24.8,0.0
2022-04-08,20.1,18.1,22.3,0.0
2022-04-09,19.8,17.4,22.6,0.0
2022-04-10,21.5,18.5,24.8,0.4
2022-04-11,20.4,17.3,25.6,20.1
2022-04-12,17.7,13.3,24.7,0.0
2022-04-13,16.5,11.3,22.6,0.0
2022-04-14,16.3,12.4,21.2,0.0
2022-04-15,16.0,13.7,19.8,0.0
2022-04-16,18.2,13.2,20.9,0.0
2022-04-17,19.0,16.8,21.1,0.1
2022-04-18,19.1,17.2,21.1,0.8
2022-04-19,19.8,17.5,22.5,0.0
2022-04-20,20.6,16.2,24.0,0.0
2022-04-21,18.2,13.8,24.5,3.0
2022-04-22,15.9,14.4,22.6,6.1
2022-04-23,15.1,9.3,20.8,0.5
2022-04-24,17.6,12.3,22.4,0.0
2022-04-25,20.6,16.0,23.5,38.1
2022-04-26,20.2,18.5,24.1,0.0
2022-04-27,19.1,14.3,25.4,10.9
2022-04-28,15.4,11.6,21.1,0.0
2022-04-29,11.5,8.3,17.8,0.0
2022-04-30,12.6,9.7,15.6,0.0
2022-05-01,14.6,9.5,18.8,0.0
2022-05-02,13.3,9.5,19.1,0.4
2022-05-03,12.7,9.0,16.7,0.0
2022-05-04,14.0,9.8,18.0,0.0
2022-05-05,15.7,11.2,19.3,0.0
2022-05-06,17.7,13.3,21.9,0.0
2022-05-07,18.3,14.4,22.4,0.0
2022-05-08,18.4,14.8,22.1,0.0
2022-05-09,17.2,13.1,21.9,0.0
2022-05-10,16.6,14.3,20.6,0.0
2022-05-11,14.6,10.9,20.0,0.0
2022-05-12,13.7,10.1,17.1,0.0
2022-05-13,15.8,12.5,18.2,0.0
2022-05-14,16.3,13.8,19.7,0.0
2022-05-15,12.8,9.3,19.8,0.0
2022-05-16,12.8,10.2,15.7,0.0
2022-05-17,11.8,8.8,15.8,0.0
2022-05-18,11.8,8.9,15.4,0.0
2022-05-19,11.4,7.8,15.8,0.0
2022-05-20,12.8,8.2,17.6,0.0
2022-05-21,14.9,10.0,19.6,0.0
2022-05-22,14.2,10.1,21.1,0.0
2022-05-23,15.2,11.9,18.1,0.0
2022-05-24,16.2,13.1,20.1,0.0
2022-05-25,12.6,9.6,20.5,4.1
2022-05-26,10.4,7.4,13.5,
2022-05-27,12.5,8.8,14.2,
2022-05-28,11.9,10.2,15.1,0.0
2022-05-29,10.4,6.6,13.1,0.0
2022-05-30,7.9,4.1,11.8,0.0
2022-05-31,8.3,4.4,12.4,0.0
2022-06-01,9.3,5.3,12.3,0.0
2022-06-02,9.2,5.5,13.2,0.0
2022-06-03,9.7,7.3,12.2,0.0
2022-06-04,11.5,8.8,15.0,0.0
2022-06-05,12.4,9.1,15.1,0.0
2022-06-06,10.9,9.2,14.8,0.0
2022-06-07,9.4,7.3,13.1,0.0
2022-06-08,9.9,7.3,11.5,0.0
2022-06-09,11.3,7.6,15.7,0.6
2022-06-10,8.4,4.2,16.1,0.0
2022-06-11,9.3,4.4,15.0,0.0
2022-06-12,10.8,6.0,15.7,0.0
2022-06-13,11.5,7.4,15.7,0.0
2022-06-14,12.8,9.3,16.2,0.0
2022-06-15,12.7,9.6,15.6,0.0
2022-06-16,12.7,9.1,16.2,0.0
2022-06-17,9.3,5.8,17.2,0.0
2022-06-18,9.2,3.4,16.4,0.0
2022-06-19,11.8,5.5,17.6,0.0
2022-06-20,11.0,7.5,18.0,0.0
2022-06-21,11.8,8.5,15.3,0.0
2022-06-22,7.9,4.9,15.5,0.2
2022-06-23,8.2,5.0,10.3,0.0
2022-06-24,9.8,6.8,11.1,0.0
2022-06-25,8.5,5.7,11.5,0.0
2022-06-26,8.9,5.8,12.1,0.0
2022-06-27,9.8,8.3,11.5,0.7
2022-06-28,12.3,8.8,15.6,0.0
2022-06-29,12.9,7.8,18.4,0.0
2022-06-30,12.6,9.3,19.1,0.0
2022-07-01,11.1,9.2,15.3,7.8
2022-07-02,11.1,8.2,13.7,4.1
2022-07-03,8.9,4.7,14.3,0.0
2022-07-04,11.2,5.8,13.1,0.0
2022-07-05,11.2,9.6,13.0,0.0
2022-07-06,11.1,9.0,13.8,0.4
2022-07-07,11.9,7.9,14.2,1.0
2022-07-08,10.2,5.1,14.8,0.0
2022-07-09,13.2,10.3,16.6,0.0
2022-07-10,17.4,12.2,21.1,0.0
2022-07-11,11.7,9.3,21.5,0.0
2022-07-12,8.5,4.6,12.5,0.0
2022-07-13,10.7,5.2,14.0,0.0
2022-07-14,12.1,8.2,14.4,0.8
2022-07-15,11.2,8.5,14.2,0.0
2022-07-16,10.2,8.4,12.7,0.0
2022-07-17,8.3,2.3,13.7,0.0
2022-07-18,11.1,4.6,17.0,0.0
2022-07-19,10.7,6.8,17.7,0.0
2022-07-20,12.4,8.4,15.4,0.0
2022-07-21,14.6,9.5,20.0,0.0
2022-07-22,11.9,10.0,19.5,0.0
2022-07-23,13.4,9.1,17.2,0.0
2022-07-24,14.2,12.5,15.3,0.0
2022-07-25,13.5,11.8,15.7,7.1
2022-07-26,16.7,11.8,19.9,6.1
2022-07-27,16.8,15.1,20.8,9.9
2022-07-28,13.6,10.4,18.4,1.0
2022-07-29,11.5,6.8,17.5,0.0
2022-07-30,12.9,8.0,18.1,0.0
2022-07-31,14.1,9.4,17.2,0.0
2022-08-01,13.6,10.3,17.4,0.0
2022-08-02,13.5,10.6,16.6,0.0
2022-08-03,12.6,10.2,15.6,0.0
2022-08-04,10.7,8.0,16.1,0.0
2022-08-05,10.8,5.8,16.7,0.0
2022-08-06,12.3,7.5,17.1,0.0
2022-08-07,11.5,9.6,15.6,0.0
2022-08-08,10.6,7.4,13.5,0.4
2022-08-09,11.7,8.6,14.5,0.0
2022-08-10,11.1,8.2,13.6,0.0
2022-08-11,13.0,9.7,16.1,0.0
2022-08-12,14.1,10.3,16.7,0.0
2022-08-13,15.8,12.1,19.7,0.0
2022-08-14,16.7,14.1,20.3,0.7
2022-08-15,15.7,12.6,20.7,0.0
2022-08-16,13.5,7.5,19.5,0.0
2022-08-17,12.8,10.1,20.4,0.0
2022-08-18,9.1,4.3,14.6,0.0
2022-08-19,11.1,5.9,17.8,0.0
2022-08-20,11.4,6.1,18.1,0.0
2022-08-21,11.8,7.4,16.8,0.0
2022-08-22,11.1,9.3,16.1,0.0
2022-08-23,13.3,10.1,17.1,0.0
2022-08-24,15.4,11.3,20.0,0.0
2022-08-25,17.1,13.8,20.0,0.0
2022-08-26,17.0,14.6,20.8,1.2
2022-08-27,17.3,9.1,20.2,18.0
2022-08-28,9.2,4.8,18.6,0.0
2022-08-29,10.2,6.0,13.8,0.0
2022-08-30,12.7,8.2,15.9,0.0
2022-08-31,15.2,10.8,17.1,0.0
2022-09-01,15.8,15.0,17.9,1.3
2022-09-02,13.4,7.4,17.7,0.0
2022-09-03,12.6,7.3,17.6,0.0
2022-09-04,14.3,9.4,18.8,0.0
2022-09-05,15.0,10.3,19.7,0.0
2022-09-06,15.6,13.1,18.5,0.0
2022-09-07,17.6,14.2,21.3,0.0
2022-09-08,17.8,10.8,21.6,18.4
2022-09-09,10.7,7.4,21.5,9.9
2022-09-10,12.4,6.3,18.6,0.0
2022-09-11,13.4,8.6,19.0,0.0
2022-09-12,14.0,11.2,17.2,0.0
2022-09-13,13.8,10.8,16.6,0.0
2022-09-14,14.9,11.6,17.1,0.0
2022-09-15,15.8,12.8,19.0,0.0
2022-09-16,17.4,13.4,20.7,0.0
2022-09-17,18.5,14.9,22.2,0.0
2022-09-18,17.6,15.3,22.7,0.1
2022-09-19,18.4,15.6,22.0,0.0
2022-09-20,12.7,8.8,22.6,4.2
2022-09-21,14.1,9.9,16.8,0.0
2022-09-22,14.3,10.3,18.5,0.0
2022-09-23,13.5,8.4,19.1,3.0
2022-09-24,16.3,11.8,20.4,0.0
2022-09-25,16.7,13.3,20.8,0.0
2022-09-26,17.0,14.6,20.4,0.3
2022-09-27,18.2,13.7,22.5,0.0
2022-09-28,14.2,11.8,23.1,0.0
2022-09-29,14.2,11.0,17.1,0.0
2022-09-30,15.4,12.4,18.0,0.0
2022-10-01,16.7,12.9,19.7,0.0
2022-10-02,17.8,13.2,22.0,0.0
2022-10-03,14.6,11.0,22.1,0.0
2022-10-04,14.9,11.3,18.4,0.0
2022-10-05,17.1,13.6,20.3,0.0
2022-10-06,17.7,14.3,22.4,0.0
2022-10-07,19.8,12.5,27.5,0.0
2022-10-08,16.9,9.4,28.6,0.0
2022-10-09,12.9,6.3,20.2,0.0
2022-10-10,14.9,10.3,21.1,0.0
2022-10-11,15.6,12.8,19.4,0.0
2022-10-12,18.8,11.4,28.8,0.0
2022-10-13,18.1,11.3,29.1,0.1
2022-10-14,13.4,11.1,15.7,0.0
2022-10-15,13.8,12.2,16.4,0.6
2022-10-16,15.3,12.3,18.2,7.1
2022-10-17,16.4,14.1,18.7,0.0
2022-10-18,17.3,14.8,20.8,0.0
2022-10-19,18.5,15.8,21.1,0.0
2022-10-20,19.5,17.7,21.2,6.5
2022-10-21,18.7,15.5,20.6,0.0
2022-10-22,13.6,10.8,21.7,5.1
2022-10-23,15.0,11.1,18.0,0.2
2022-10-24,18.3,14.3,22.0,0.0
2022-10-25,20.4,17.2,24.7,0.0
2022-10-26,20.4,17.1,25.6,5.1
2022-10-27,21.4,15.3,27.9,0.0
2022-10-28,25.1,17.2,33.6,0.0
2022-10-29,23.4,20.3,34.6,2.0
2022-10-30,17.0,11.7,30.1,0.0
2022-10-31,12.6,7.8,16.8,0.8
2022-11-01,14.7,9.3,19.3,0.0
2022-11-02,18.9,11.8,24.0,0.0
2022-11-03,20.3,16.2,24.7,0.0
2022-11-04,18.5,14.8,23.7,0.0
2022-11-05,19.2,15.8,22.8,0.0
2022-11-06,20.0,16.0,23.9,0.0
2022-11-07,20.3,16.0,23.5,0.0
2022-11-08,20.1,15.8,24.4,0.0
2022-11-09,20.6,16.6,24.5,0.0
2022-11-10,21.4,17.3,24.7,0.0
2022-11-11,22.2,18.8,26.5,0.0
2022-11-12,22.8,20.2,27.6,0.0
2022-11-13,22.2,18.8,26.8,10.0
2022-11-14,18.9,15.6,25.1,18.0
2022-11-15,24.2,15.9,32.3,0.0
2022-11-16,24.9,19.4,32.7,0.0
2022-11-17,24.9,21.1,29.6,0.0
2022-11-18,24.5,21.3,29.6,0.0
2022-11-19,25.8,22.5,29.3,1.4
2022-11-20,25.4,18.9,29.8,0.0
2022-11-21,17.4,14.7,29.5,15.0
2022-11-22,18.4,13.3,23.4,2.0
2022-11-23,21.9,14.8,27.9,0.0
2022-11-24,25.0,18.5,31.0,0.0
2022-11-25,21.8,17.8,31.9,0.0
2022-11-26,22.8,20.1,27.4,0.0
2022-11-27,24.6,21.7,28.4,0.0
2022-11-28,25.4,22.3,29.1,0.0
2022-11-29,26.3,22.7,30.7,0.0
2022-11-30,25.8,21.3,32.1,0.8
2022-12-01,20.8,17.8,28.1,26.9
2022-12-02,20.0,15.6,24.4,0.0
2022-12-03,21.7,18.6,24.9,0.0
2022-12-04,23.8,18.8,27.7,0.0
2022-12-05,26.3,23.1,31.4,0.0
2022-12-06,27.4,23.2,32.2,0.0
2022-12-07,28.3,24.4,32.2,0.0
2022-12-08,28.1,21.1,33.3,3.0
2022-12-09,29.5,22.8,34.8,0.0
2022-12-10,25.0,21.6,34.6,27.9
2022-12-11,28.4,23.8,34.7,0.0
2022-12-12,22.9,18.4,35.9,2.0
2022-12-13,21.6,16.8,26.3,1.0
2022-12-14,26.0,20.5,30.3,0.0
2022-12-15,24.9,18.6,30.7,5.1
2022-12-16,20.4,17.3,28.7,0.0
2022-12-17,20.8,17.4,23.9,0.0
2022-12-18,22.8,19.5,26.4,0.0
2022-12-19,23.7,20.4,27.2,0.0
2022-12-20,24.6,21.6,28.5,0.0
2022-12-21,24.2,20.8,29.6,0.0
2022-12-22,25.3,21.7,29.0,0.0
2022-12-23,24.1,21.1,30.1,7.9
2022-12-24,20.7,17.6,26.9,23.9
2022-12-25,18.5,13.7,23.1,0.0
2022-12-26,21.7,16.4,25.7,0.0
2022-12-27,24.7,19.2,28.7,0.0
2022-12-28,25.7,20.8,30.4,0.2
2022-12-29,23.0,18.7,31.1,0.0
2022-12-30,26.8,21.3,31.9,0.0
2022-12-31,26.0,23.1,35.1,0.0
2023-01-01,22.8,19.7,28.6,0.0
2023-01-02,22.7,16.9,30.0,9.9
2023-01-03,25.7,18.7,32.2,0.0
2023-01-04,23.8,18.8,32.6,0.0
2023-01-05,24.0,20.0,29.7,0.0
2023-01-06,26.3,21.7,31.9,0.0
2023-01-07,26.1,22.5,32.1,0.0
2023-01-08,25.7,22.8,30.6,0.0
2023-01-09,25.3,22.5,29.6,0.0
2023-01-10,25.4,22.6,29.1,0.0
2023-01-11,25.8,23.4,29.9,0.0
2023-01-12,23.6,18.6,29.9,0.0
2023-01-13,25.9,20.8,30.6,0.0
2023-01-14,26.0,20.3,30.8,0.0
2023-01-15,27.3,23.5,32.3,0.0
2023-01-16,27.9,24.4,33.1,0.0
2023-01-17,28.3,25.8,32.7,0.0
2023-01-18,25.6,22.4,34.2,0.0
2023-01-19,26.4,23.6,29.4,0.0
2023-01-20,26.2,21.7,30.7,0.3
2023-01-21,25.7,21.3,32.1,16.0
2023-01-22,28.0,22.5,34.4,7.9
2023-01-23,26.2,22.3,35.2,0.0
2023-01-24,27.6,23.0,32.2,2.0
2023-01-25,26.9,20.9,33.6,0.0
2023-01-26,26.9,24.8,32.6,0.0
2023-01-27,25.1,20.0,31.7,17.0
2023-01-28,25.3,20.1,28.5,0.0
2023-01-29,25.4,22.6,29.3,0.0
2023-01-30,24.3,21.6,28.5,0.0
2023-01-31,25.6,22.9,28.0,0.2
2023-02-01,24.9,23.2,28.6,0.0
2023-02-02,24.2,23.1,27.4,14.2
2023-02-03,23.2,19.2,27.0,7.1
2023-02-04,23.4,18.8,28.5,5.1
2023-02-05,23.8,19.2,29.8,0.0
2023-02-06,26.7,21.8,31.0,0.0
2023-02-07,27.4,23.8,31.6,0.0
2023-02-08,27.4,25.2,32.1,0.0
2023-02-09,26.9,22.8,31.5,0.0
2023-02-10,28.8,25.2,33.5,0.0
2023-02-11,30.6,27.0,35.7,0.0
2023-02-12,31.3,27.9,36.6,0.0
2023-02-13,27.7,23.2,36.6,0.0
2023-02-14,27.7,22.8,33.0,7.1
2023-02-15,24.9,20.9,33.8,0.0
2023-02-16,22.9,13.0,28.8,4.9
2023-02-17,12.2,8.3,26.2,0.0
2023-02-18,15.6,9.4,22.6,0.0
2023-02-19,20.3,12.4,25.0,0.0
2023-02-20,22.3,18.2,26.6,0.0
2023-02-21,23.1,20.1,28.7,0.0
2023-02-22,25.5,21.4,31.6,0.0
2023-02-23,25.9,22.4,32.6,0.0
2023-02-24,25.6,22.3,31.7,1.5
2023-02-25,24.6,20.8,29.6,0.0
2023-02-26,23.1,18.0,30.1,7.1
2023-02-27,23.6,20.3,27.4,0.0
2023-02-28,26.3,22.0,31.9,0.0
2023-03-01,28.7,23.5,33.4,5.2
2023-03-02,28.4,23.5,34.1,0.0
2023-03-03,27.9,23.9,34.3,0.0
2023-03-04,27.5,23.6,34.1,0.0
2023-03-05,25.4,23.1,34.7,0.0
2023-03-06,27.9,24.0,30.8,0.0
2023-03-07,26.3,22.2,32.1,0.0
2023-03-08,26.7,23.5,30.6,0.0
2023-03-09,26.6,24.2,30.5,0.0
2023-03-10,28.6,25.1,31.7,0.0
2023-03-11,29.8,26.5,34.8,0.0
2023-03-12,30.1,27.8,35.6,0.0
2023-03-13,29.1,26.4,34.6,0.0
2023-03-14,29.8,26.9,34.6,0.3
2023-03-15,27.4,25.8,35.1,8.2
2023-03-16,26.6,24.5,28.7,1.1
2023-03-17,27.9,25.2,31.2,0.8
2023-03-18,26.5,23.5,31.5,0.0
2023-03-19,26.1,23.6,29.0,4.1
2023-03-20,22.9,18.8,28.8,3.0
2023-03-21,23.0,19.5,26.1,0.0
2023-03-22,22.7,20.3,26.3,0.1
2023-03-23,23.9,21.3,27.0,4.2
2023-03-24,23.6,21.7,27.3,0.2
2023-03-25,23.2,19.8,26.5,18.4
2023-03-26,19.8,14.4,27.1,0.0
2023-03-27,21.0,15.6,24.9,0.0
2023-03-28,24.4,19.3,27.7,0.0
2023-03-29,23.6,20.2,28.7,0.8
2023-03-30,19.3,14.8,28.6,0.0
2023-03-31,20.2,15.0,22.5,0.0
2023-04-01,15.6,11.7,22.3,0.0
2023-04-02,19.0,14.0,20.7,27.0
2023-04-03,18.8,15.5,21.2,9.3
2023-04-04,19.6,16.8,22.0,0.2
2023-04-05,20.8,18.2,23.6,0.0
2023-04-06,21.2,19.4,24.2,0.0
2023-04-07,20.8,19.1,24.1,0.0
2023-04-08,21.2,17.8,24.2,0.0
2023-04-09,22.2,19.0,25.5,0.0
2023-04-10,22.6,18.8,26.1,0.0
2023-04-11,22.5,19.6,27.0,0.4
2023-04-12,19.7,16.1,27.5,0.5
2023-04-13,15.3,10.8,21.1,0.0
2023-04-14,14.9,10.3,19.5,0.0
2023-04-15,16.3,13.0,18.6,2.0
2023-04-16,16.2,14.6,18.5,0.7
2023-04-17,16.2,13.5,19.2,0.2
2023-04-18,13.4,10.5,19.6,4.6
2023-04-19,14.8,10.6,18.2,0.3
2023-04-20,15.1,10.4,19.3,0.0
2023-04-21,17.5,13.3,20.5,0.0
2023-04-22,18.6,15.4,21.7,0.0
2023-04-23,17.7,15.9,22.5,0.0
2023-04-24,18.1,16.5,20.7,0.0
2023-04-25,19.2,17.0,21.5,1.2
2023-04-26,18.9,16.4,23.0,0.0
2023-04-27,19.9,16.8,23.7,0.0
2023-04-28,20.3,16.3,24.2,0.0
2023-04-29,21.3,18.2,24.6,0.0
2023-04-30,20.0,14.7,26.5,4.0
2023-05-01,15.2,11.2,27.1,0.0
2023-05-02,14.3,11.3,19.5,0.0
2023-05-03,15.2,13.3,17.8,0.0
2023-05-04,16.7,13.7,20.5,0.0
2023-05-05,17.9,16.1,21.4,12.9
2023-05-06,18.3,16.8,20.0,6.4
2023-05-07,17.9,15.0,21.1,0.5
2023-05-08,16.4,11.6,21.4,0.0
2023-05-09,15.4,11.8,21.7,0.0
2023-05-10,16.1,12.8,19.2,0.0
2023-05-11,13.4,10.8,19.9,0.0
2023-05-12,15.3,11.6,17.7,0.2
2023-05-13,17.4,13.7,22.6,0.0
2023-05-14,18.8,14.3,23.7,0.0
2023-05-15,19.1,15.7,25.6,0.0
2023-05-16,19.2,17.1,23.2,0.0
2023-05-17,19.2,16.7,23.5,0.0
2023-05-18,18.7,15.4,21.9,0.0
2023-05-19,16.5,12.6,18.9,10.3
2023-05-20,13.7,10.8,19.6,0.0
2023-05-21,15.8,11.6,18.5,4.0
2023-05-22,18.2,14.4,19.7,0.5
2023-05-23,18.6,16.8,20.1,0.0
2023-05-24,20.4,17.8,21.7,22.1
2023-05-25,19.6,18.2,21.6,11.9
2023-05-26,18.8,16.2,21.3,30.5
2023-05-27,13.2,10.5,15.7,0.0
2023-05-28,10.4,7.0,15.1,0.0
2023-05-29,11.6,8.1,14.0,0.0
2023-05-30,13.6,10.3,16.2,0.0
2023-05-31,15.8,12.0,18.0,1.0
2023-06-01,17.3,14.1,19.5,0.0
2023-06-02,19.1,15.7,21.5,1.2
2023-06-03,17.4,15.7,20.0,1.1
2023-06-04,16.5,12.7,19.0,7.6
2023-06-05,12.8,8.0,19.7,0.0
2023-06-06,15.8,10.1,19.4,0.0
2023-06-07,18.1,13.9,20.1,0.0
2023-06-08,19.2,16.1,23.7,0.0
2023-06-09,18.1,12.0,21.7,1.4
2023-06-10,11.3,9.3,20.6,0.0
2023-06-11,8.6,5.3,13.1,0.0
2023-06-12,8.3,4.6,12.7,0.0
2023-06-13,9.6,5.1,13.7,0.0
2023-06-14,9.5,5.1,14.6,0.0
2023-06-15,10.9,6.6,13.5,0.0
2023-06-16,13.1,9.0,15.5,0.0
2023-06-17,10.8,7.7,15.9,0.0
2023-06-18,8.7,4.3,13.4,0.0
2023-06-19,11.5,5.8,13.5,0.0
2023-06-20,11.2,8.6,14.0,1.7
2023-06-21,13.4,9.0,14.6,0.1
2023-06-22,12.4,9.0,14.5,0.0
2023-06-23,11.0,8.8,15.0,0.0
2023-06-24,12.9,8.8,16.0,0.0
2023-06-25,13.7,11.8,16.3,0.0
2023-06-26,15.2,12.2,18.5,1.2
2023-06-27,14.7,10.8,19.1,0.0
2023-06-28,12.9,9.0,17.5,0.0
2023-06-29,10.9,8.6,17.6,0.0
2023-06-30,12.1,9.0,13.6,0.0
2023-07-01,13.0,10.8,14.1,0.0
2023-07-02,14.4,11.7,17.2,0.0
2023-07-03,15.8,13.3,17.7,0.0
2023-07-04,18.1,14.8,21.0,7.8
2023-07-05,16.7,15.0,18.5,0.2
2023-07-06,14.6,12.7,17.6,0.2
2023-07-07,12.5,9.9,18.1,0.0
2023-07-08,12.3,10.6,14.6,0.0
2023-07-09,14.1,11.5,15.2,1.2
2023-07-10,13.1,11.7,14.7,0.0
2023-07-11,11.3,9.6,12.5,0.5
2023-07-12,10.0,9.2,10.7,26.3
2023-07-13,9.2,6.6,11.3,3.8
2023-07-14,7.7,4.3,12.0,0.0
2023-07-15,10.8,6.3,13.6,0.0
2023-07-16,9.5,5.4,14.1,0.0
2023-07-17,7.7,4.0,12.7,0.0
2023-07-18,7.1,3.8,11.1,0.0
2023-07-19,9.5,5.3,11.7,0.0
2023-07-20,11.6,8.3,14.5,0.0
2023-07-21,16.4,9.8,20.7,0.0
2023-07-22,21.2,15.3,26.0,5.7
2023-07-23,13.9,10.6,26.3,0.0
2023-07-24,10.9,9.5,18.1,0.3
2023-07-25,11.9,9.6,13.6,0.8
2023-07-26,13.3,11.3,15.7,1.5
2023-07-27,10.0,7.4,16.5,0.0
2023-07-28,11.1,8.0,12.7,0.0
2023-07-29,12.8,10.3,16.5,0.0
2023-07-30,13.9,10.3,17.7,0.0
2023-07-31,15.0,10.8,18.1,0.0
2023-08-01,18.2,13.6,23.7,0.0
2023-08-02,20.9,16.8,29.0,0.0
2023-08-03,11.9,9.9,13.1,0.0
2023-08-04,13.5,9.4,18.5,0.0
2023-08-05,13.0,10.5,15.1,1.7
2023-08-06,16.3,11.8,20.2,31.9
2023-08-07,10.9,7.6,21.4,0.0
2023-08-08,10.0,7.8,13.5,0.0
2023-08-09,12.6,8.4,14.7,0.0
2023-08-10,15.1,11.2,16.7,0.0
2023-08-11,14.7,11.7,17.3,0.0
2023-08-12,10.1,6.3,17.5,0.0
2023-08-13,10.1,4.4,15.5,0.0
2023-08-14,15.5,7.7,24.6,0.0
2023-08-15,16.7,10.6,24.7,0.0
2023-08-16,19.1,14.5,23.0,5.4
2023-08-17,15.5,14.3,16.1,36.8
2023-08-18,14.1,11.5,16.8,12.7
2023-08-19,10.9,6.8,17.2,1.5
2023-08-20,9.9,7.3,14.6,0.0
2023-08-21,11.7,7.8,16.2,0.3
2023-08-22,14.9,10.8,16.5,6.2
2023-08-23,13.3,11.6,15.5,0.1
2023-08-24,13.8,12.0,15.7,0.0
2023-08-25,13.3,10.5,16.2,0.0
2023-08-26,11.9,7.3,16.6,0.0
2023-08-27,11.1,8.6,16.1,0.0
2023-08-28,11.2,8.3,14.1,0.0
2023-08-29,12.8,8.7,14.7,0.0
2023-08-30,15.0,10.8,19.4,0.0
2023-08-31,14.6,10.8,20.1,0.0
2023-09-01,15.4,12.2,18.1,0.0
2023-09-02,14.8,10.0,18.1,5.6
2023-09-03,10.2,8.4,16.1,16.0
2023-09-04,11.2,9.2,12.6,0.0
2023-09-05,9.1,6.3,13.0,0.0
2023-09-06,10.2,7.3,13.2,0.2
2023-09-07,13.9,8.7,16.0,3.7
2023-09-08,13.8,8.3,19.0,0.2
2023-09-09,15.3,10.3,20.1,0.0
2023-09-10,16.3,13.8,18.7,0.4
2023-09-11,17.1,14.6,23.0,27.2
2023-09-12,15.0,10.6,18.2,0.0
2023-09-13,14.4,11.3,18.9,0.0
2023-09-14,13.7,8.1,18.0,0.0
2023-09-15,17.7,11.1,23.6,0.0
2023-09-16,20.2,15.0,26.2,0.0
2023-09-17,16.0,14.0,17.7,0.5
2023-09-18,13.8,10.3,18.6,0.0
2023-09-19,13.4,11.0,16.0,0.0
2023-09-20,15.4,14.0,16.6,0.6
2023-09-21,17.3,15.3,20.0,0.0
2023-09-22,14.1,11.2,18.2,0.1
2023-09-23,13.8,11.0,15.9,0.0
2023-09-24,14.6,13.2,17.0,0.0
2023-09-25,13.6,11.6,15.2,0.0
2023-09-26,13.7,13.0,16.0,0.3
2023-09-27,14.2,9.5,18.5,0.0
2023-09-28,16.2,13.1,19.5,0.0
2023-09-29,17.0,12.8,20.4,0.0
2023-09-30,12.4,8.0,21.0,0.0
2023-10-01,14.3,9.0,17.7,0.0
2023-10-02,14.2,11.2,18.3,0.0
2023-10-03,16.1,12.5,18.5,0.8
2023-10-04,15.7,13.5,19.7,0.1
2023-10-05,17.1,12.6,24.0,0.0
2023-10-06,20.3,14.2,26.7,0.0
2023-10-07,17.5,13.4,20.3,0.0
2023-10-08,19.5,14.0,24.1,0.0
2023-10-09,21.1,15.0,26.1,0.0
2023-10-10,21.2,17.8,27.2,3.0
2023-10-11,14.7,10.7,27.0,7.1
2023-10-12,11.2,7.5,16.3,0.0
2023-10-13,13.6,9.5,16.7,0.0
2023-10-14,17.1,12.4,19.5,0.0
2023-10-15,17.7,14.6,21.1,0.0
2023-10-16,19.4,16.5,22.1,0.4
2023-10-17,14.8,9.6,19.0,0.0
2023-10-18,14.4,11.4,19.2,0.3
2023-10-19,16.6,14.2,21.7,0.5
2023-10-20,18.2,15.0,21.6,0.0
2023-10-21,19.7,16.8,22.5,3.3
2023-10-22,20.8,18.2,23.6,0.5
2023-10-23,18.0,16.9,19.7,19.2
2023-10-24,16.2,13.6,18.3,1.4
2023-10-25,15.3,10.5,19.6,0.0
2023-10-26,17.9,13.0,22.6,0.0
2023-10-27,21.1,15.6,24.7,0.0
2023-10-28,22.7,18.6,25.7,0.0
2023-10-29,21.0,18.2,22.9,3.9
2023-10-30,16.6,10.5,23.0,7.1
2023-10-31,14.4,11.2,19.1,0.0
2023-11-01,13.6,11.5,15.7,0.0
2023-11-02,14.4,13.4,15.2,24.3
2023-11-03,14.6,13.3,16.2,10.4
2023-11-04,16.9,11.2,21.9,0.0
2023-11-05,19.2,14.4,23.1,0.0
2023-11-06,19.6,17.0,23.4,0.0
2023-11-07,22.4,18.3,27.6,2.4
2023-11-08,21.7,19.2,23.9,0.0
2023-11-09,19.8,15.9,24.6,0.0
2023-11-10,17.8,16.5,23.2,24.7
2023-11-11,20.6,16.0,26.5,73.9
2023-11-12,21.0,16.0,27.6,0.0
2023-11-13,17.2,14.5,23.7,0.0
2023-11-14,19.1,16.1,22.0,0.0
2023-11-15,21.0,19.0,24.4,0.3
2023-11-16,22.0,17.2,26.2,0.0
2023-11-17,22.8,18.5,26.9,0.0
2023-11-18,19.4,17.5,21.8,5.1
2023-11-19,22.1,16.3,28.0,0.0
2023-11-20,24.4,20.0,28.8,0.0
2023-11-21,23.7,19.6,27.9,4.1
2023-11-22,20.6,16.1,29.0,2.0
2023-11-23,24.2,17.8,30.2,0.0
2023-11-24,19.9,16.4,22.5,0.0
2023-11-25,20.6,17.4,24.0,0.0
2023-11-26,23.1,19.6,26.9,0.0
2023-11-27,24.9,21.1,28.4,0.0
2023-11-28,24.3,21.0,29.5,0.0
2023-11-29,24.2,18.0,27.0,7.1
2023-11-30,23.4,17.9,26.4,0.0
2023-12-01,23.5,20.7,26.9,16.6
2023-12-02,22.9,19.0,27.7,0.0
2023-12-03,17.3,14.5,21.5,0.5
2023-12-04,18.4,14.7,20.0,0.0
2023-12-05,19.2,16.3,22.4,10.0
2023-12-06,20.8,19.4,22.5,14.5
2023-12-07,19.9,17.3,23.5,1.2
2023-12-08,20.5,17.8,22.7,0.0
2023-12-09,20.8,18.3,23.4,0.1
2023-12-10,22.4,19.6,25.5,0.0
2023-12-11,23.9,20.9,26.8,0.0
2023-12-12,26.4,22.0,30.9,0.0
2023-12-13,26.3,23.0,31.3,5.1
2023-12-14,24.0,21.2,26.1,0.3
2023-12-15,26.2,23.5,27.9,3.3
2023-12-16,26.7,24.3,29.6,0.0
2023-12-17,23.3,18.2,27.5,26.9
2023-12-18,19.3,15.8,22.5,19.7
2023-12-19,16.6,12.7,20.4,11.9
2023-12-20,20.1,15.8,23.0,0.0
2023-12-21,22.5,19.5,25.5,0.0
2023-12-22,23.1,20.2,27.0,0.0
2023-12-23,24.9,22.3,28.9,3.7
2023-12-24,23.9,21.6,25.1,5.9
2023-12-25,22.5,19.5,26.1,16.0
2023-12-26,19.2,14.8,28.3,0.0
2023-12-27,24.2,19.8,24.1,0.0
2023-12-28,23.3,20.0,30.5,2.0
2023-12-29,25.2,21.8,26.7,0.0
2023-12-30,20.7,15.0,26.5,0.0
2023-12-31,23.3,20.3,25.8,0.0
2024-01-01,24.3,21.1,27.5,0.0
2024-01-02,23.7,19.6,27.2,4.1
2024-01-03,23.7,19.8,30.3,8.9
2024-01-04,24.6,22.0,27.5,0.0
2024-01-05,25.4,22.5,28.5,0.0
2024-01-06,26.2,23.6,29.5,0.5
2024-01-07,20.2,16.0,29.0,0.0
2024-01-08,24.5,20.2,25.3,23.1
2024-01-09,27.6,23.5,30.5,0.0
2024-01-10,24.1,20.4,28.7,0.0
2024-01-11,23.8,21.0,29.0,2.0
2024-01-12,21.2,18.5,26.3,0.0
2024-01-13,24.6,21.0,29.5,0.2
2024-01-14,23.9,17.3,31.6,2.9
2024-01-15,25.5,22.3,32.6,0.0
2024-01-16,23.3,20.5,26.7,13.8
2024-01-17,23.9,20.6,26.3,0.0
2024-01-18,24.7,22.7,27.0,0.0
2024-01-19,24.9,21.0,28.0,0.3
2024-01-20,22.7,19.0,28.5,0.0
2024-01-21,22.6,20.0,26.5,0.0
2024-01-22,23.4,21.0,26.0,0.0
2024-01-23,23.6,12.1,25.3,0.0
2024-01-24,24.3,21.2,25.0,0.0
2024-01-25,25.3,22.4,28.0,0.0
2024-01-26,25.3,22.0,28.2,0.0
2024-01-27,24.8,21.8,28.5,246.9
2024-01-28,24.8,22.3,28.3,0.0
2024-01-29,25.7,23.4,28.6,0.0
2024-01-30,27.6,24.0,31.3,0.0
2024-01-31,29.2,26.5,31.5,0.8
2024-02-01,30.5,26.9,34.1,0.0
2024-02-02,29.4,26.0,34.2,0.0
2024-02-03,29.4,25.5,32.5,0.6
2024-02-04,22.8,19.0,33.0,0.0
2024-02-05,24.1,20.6,29.4,0.0
2024-02-06,27.8,21.6,31.8,0.0
2024-02-07,28.9,26.5,31.5,0.0
2024-02-08,27.2,23.8,30.7,0.3
2024-02-09,26.4,22.7,31.7,0.0
2024-02-10,26.8,24.0,31.2,48.0
2024-02-11,28.4,24.0,31.2,0.0
2024-02-12,24.3,18.0,29.1,7.8
2024-02-13,19.2,14.4,25.5,0.0
2024-02-14,20.7,16.7,25.5,0.0
2024-02-15,23.2,19.6,26.1,0.0
2024-02-16,24.4,22.4,26.2,0.0
2024-02-17,24.6,22.7,26.5,0.0
2024-02-18,25.2,23.1,26.5,3.3
2024-02-19,24.5,22.1,26.9,0.0
2024-02-20,25.0,23.4,27.6,0.4
2024-02-21,25.9,24.0,28.5,0.0
2024-02-22,26.3,23.5,29.0,0.0
2024-02-23,25.7,22.5,28.7,0.0
2024-02-24,23.9,20.7,29.0,0.0
2024-02-25,23.2,20.5,25.6,0.2
2024-02-26,22.6,20.1,26.0,14.7
2024-02-27,24.2,21.5,26.3,0.0
2024-02-28,25.4,22.5,28.2,0.0
2024-02-29,25.2,23.0,27.1,3.3
2024-03-01,24.1,21.8,28.0,0.0
2024-03-02,25.3,23.0,27.7,0.0
2024-03-03,19.3,15.5,25.1,0.0
2024-03-04,16.8,11.8,24.1,0.0
2024-03-05,16.8,11.2,21.5,0.0
2024-03-06,20.6,18.0,23.9,0.0
2024-03-07,23.3,19.5,24.8,0.0
2024-03-08,24.5,21.0,27.2,0.0
2024-03-09,25.9,21.5,22.6,7.1
2024-03-10,21.5,18.5,25.8,0.0
2024-03-11,20.4,17.3,25.6,20.1
2024-03-12,17.7,13.3,24.7,0.0
2024-03-13,22.4,18.0,22.6,29.7
2024-03-14,22.4,21.4,24.3,30.0
2024-03-15,22.7,21.0,25.1,0.2
2024-03-16,23.9,22.2,26.0,5.3
2024-03-17,19.0,16.8,21.1,0.0
2024-03-18,19.1,17.2,25.4,0.8
2024-03-19,23.4,19.7,26.6,0.0
2024-03-20,20.6,16.2,24.0,37.9
2024-03-21,18.9,14.6,24.0,0.0
2024-03-22,18.1,13.7,20.7,0.0
2024-03-23,20.6,18.0,24.0,0.5
2024-03-24,23.4,18.4,27.0,0.0
2024-03-25,22.4,19.9,27.4,38.1
2024-03-26,20.8,18.1,23.0,0.0
2024-03-27,22.0,20.3,25.4,10.9
2024-03-28,15.4,11.6,21.1,0.0
2024-03-29,24.0,22.0,27.0,0.0
2024-03-30,12.6,9.7,15.6,0.0
2024-03-31,20.3,19.0,22.0,0.5
2024-04-01,18.1,17.0,19.0,0.0
2024-04-02,19.2,16.0,21.1,0.3
2024-04-03,18.6,16.0,21.3,28.9
2024-04-04,18.5,14.5,21.6,0.0
2024-04-05,20.6,16.7,24.1,0.0
2024-04-06,21.7,18.5,24.5,0.0
2024-04-07,21.3,19.2,24.5,0.0
2024-04-08,21.3,19.7,23.9,0.0
2024-04-09,22.4,19.0,26.6,1.0
2024-04-10,16.6,13.5,27.0,0.0
2024-04-11,15.7,13.4,18.2,0.0
2024-04-12,17.5,14.1,19.7,0.4
2024-04-13,18.3,16.5,20.0,28.0
2024-04-14,19.5,17.6,21.0,78.0
2024-04-15,21.5,19.0,23.2,0.0
2024-04-16,17.9,15.6,24.0,0.0
2024-04-17,18.3,14.4,24.0,0.0
2024-04-18,17.9,12.9,21.1,0.0
2024-04-19,20.3,15.7,24.7,0.0
2024-04-20,20.9,17.6,25.5,0.0
2024-04-21,20.3,18.6,22.2,14.3
2024-04-22,18.6,16.0,21.0,24.9
2024-04-23,19.7,17.5,22.0,0.0
2024-04-24,16.1,12.5,22.1,0.0
2024-04-25,16.4,14.2,20.0,9.5
2024-04-26,18.3,15.0,20.0,22.1
2024-04-27,15.8,13.5,20.0,5.1
2024-04-28,14.6,9.6,19.2,0.0
2024-04-29,17.1,13.0,19.1,1.1
2024-04-30,19.0,15.5,20.4,0.0
2024-05-01,9.3,5.3,18.0,0.0
2024-05-02,13.2,9.8,18.2,0.0
2024-05-03,12.5,8.4,16.5,0.0
2024-05-04,15.6,13.0,18.2,0.0
2024-05-05,18.6,14.7,15.1,0.3
2024-05-06,10.9,9.2,14.8,3.0
2024-05-07,17.7,16.8,20.6,0.2
2024-05-08,9.9,7.3,11.5,0.0
2024-05-09,12.1,6.8,18.7,0.0
2024-05-10,14.7,9.9,16.1,0.0
2024-05-11,9.3,4.4,17.2,0.0
2024-05-12,11.3,9.5,17.7,6.9
2024-05-13,10.0,5.8,13.7,3.0
2024-05-14,10.2,6.7,14.8,0.0
2024-05-15,11.4,7.5,15.6,0.0
2024-05-16,13.2,9.7,17.4,0.0
2024-05-17,11.3,8.7,18.0,0.0
2024-05-18,10.1,5.8,15.0,0.0
2024-05-19,10.1,6.5,14.5,0.0
2024-05-20,12.4,8.0,18.0,0.0
2024-05-21,13.3,10.7,16.0,0.0
2024-05-22,7.9,4.9,15.5,0.0
2024-05-23,13.5,10.7,15.7,0.3
2024-05-24,9.8,6.7,16.0,0.0
2024-05-25,7.9,3.9,12.2,0.0
2024-05-26,9.3,5.5,11.9,0.1
2024-05-27,9.6,7.5,11.5,1.7
2024-05-28,10.3,8.1,12.5,0.5
2024-05-29,12.8,9.5,15.7,0.0
2024-05-30,14.4,11.5,16.5,0.0
2024-05-31,13.8,11.0,16.6,0.0
2024-06-01,16.6,13.1,23.0,0.2
2024-06-02,13.0,9.6,16.4,0.0
2024-06-03,9.0,6.0,14.5,0.0
2024-06-04,10.3,5.8,12.6,0.0
2024-06-05,12.9,8.7,14.7,0.0
2024-06-06,15.2,11.8,16.1,0.0
2024-06-07,16.1,13.7,18.5,5.5
2024-06-08,17.8,15.0,21.0,0.0
2024-06-09,20.7,16.2,26.2,0.1
2024-06-10,16.3,13.5,26.5,0.0
2024-06-11,14.4,12.0,19.8,0.0
2024-06-12,16.7,12.3,19.2,0.1
2024-06-13,20.3,15.5,23.2,0.0
2024-06-14,19.6,16.6,21.9,12.8
2024-06-15,15.9,12.8,21.5,0.0
2024-06-16,14.8,12.5,19.8,0.0
2024-06-17,14.5,12.7,16.2,0.0
2024-06-18,16.2,13.5,17.4,0.0
2024-06-19,16.3,13.8,18.1,0.8
2024-06-20,13.1,8.8,18.7,0.0
2024-06-21,15.3,9.9,18.1,18.1
2024-06-22,17.1,13.5,18.7,2.5
2024-06-23,12.9,7.8,17.6,0.3
2024-06-24,9.3,5.7,15.5,0.0
2024-06-25,9.4,6.0,12.0,2.7
2024-06-26,9.4,6.0,13.5,6.1
2024-06-27,12.2,6.5,16.6,0.0
2024-06-28,11.1,7.0,17.3,0.0
2024-06-29,6.8,3.2,12.1,0.0
2024-06-30,7.9,2.4,14.5,0.0
2024-07-01,11.9,4.0,17.4,0.0
2024-07-02,12.9,7.0,16.6,0.0
2024-07-03,11.3,6.5,19.5,0.0
2024-07-04,9.4,4.7,13.1,0.0
2024-07-05,8.2,3.8,13.8,0.0
2024-07-06,6.6,1.5,12.0,0.0
2024-07-07,7.8,3.0,15.6,0.0
2024-07-08,6.1,2.8,10.5,0.0
2024-07-09,5.5,2.1,9.0,0.0
2024-07-10,6.1,1.6,13.6,0.0
2024-07-11,6.7,1.5,11.0,0.0
2024-07-12,8.4,4.0,13.2,0.0
2024-07-13,8.2,4.5,14.0,0.0
2024-07-14,8.3,4.3,12.1,0.0
2024-07-15,10.6,6.0,20.7,0.0
2024-07-16,11.7,8.5,15.0,0.0
2024-07-17,12.9,9.8,17.1,0.0
2024-07-18,9.1,4.3,14.6,0.0
2024-07-19,11.1,5.9,14.2,0.1
2024-07-20,11.4,6.1,18.1,2.2
2024-07-21,12.4,9.1,16.8,4.1
2024-07-22,12.4,11.0,14.9,0.0
2024-07-23,11.8,10.3,14.0,0.0
2024-07-24,15.3,11.0,17.7,11.5
2024-07-25,15.7,9.5,21.7,0.0
2024-07-26,13.7,10.1,22.0,0.0
2024-07-27,14.1,9.4,20.2,0.0
2024-07-28,9.2,4.8,18.6,0.0
2024-07-29,8.7,6.4,13.7,0.0
2024-07-30,9.7,7.0,12.7,0.0
2024-07-31,12.7,7.1,15.6,0.0
2024-08-01,16.9,10.8,21.0,0.4
2024-08-02,20.1,15.9,17.7,0.0
2024-08-03,17.2,12.5,24.4,22.2
2024-08-04,13.6,9.6,18.7,0.0
2024-08-05,13.6,11.8,15.7,0.7
2024-08-06,16.0,12.8,17.5,1.9
2024-08-07,12.5,9.0,18.0,0.0
2024-08-08,8.1,5.1,15.5,6.0
2024-08-09,7.9,4.3,21.5,9.9
2024-08-10,9.6,4.3,16.5,0.0
2024-08-11,13.5,10.7,15.0,0.0
2024-08-12,14.0,11.2,17.2,0.0
2024-08-13,11.8,5.8,16.6,0.0
2024-08-14,12.4,8.3,17.6,0.0
2024-08-15,13.4,9.5,16.6,0.0
2024-08-16,10.6,8.5,17.7,0.0
2024-08-17,11.6,8.5,14.5,0.0
2024-08-18,13.3,10.8,22.7,0.3
2024-08-19,18.4,15.6,13.5,0.0
2024-08-20,9.6,5.8,13.8,18.1
2024-08-21,11.8,8.3,14.1,11.6
2024-08-22,9.8,7.8,14.3,0.0
2024-08-23,8.9,5.3,19.1,3.0
2024-08-24,10.1,6.3,13.7,0.0
2024-08-25,16.7,13.3,20.8,0.0
2024-08-26,8.9,5.3,12.2,0.0
2024-08-27,11.6,7.0,15.0,
2024-08-28,12.8,9.8,16.0,
2024-08-29,12.9,9.9,16.5,
2024-08-30,15.4,12.4,13.0,
2024-08-31,11.3,10.3,12.5,84.1
2024-09-01,11.4,8.8,15.1,24.9
2024-09-02,12.5,9.1,15.6,0.0
2024-09-03,16.0,9.8,19.7,
2024-09-04,15.1,11.0,20.5,0.0
2024-09-05,13.2,8.3,20.4,0.0
2024-09-06,15.5,11.0,21.0,0.0
2024-09-07,16.6,11.8,21.3,0.0
2024-09-08,15.3,11.3,20.9,0.0
2024-09-09,15.4,13.7,18.3,0.2
2024-09-10,15.4,13.8,18.0,0.0
2024-09-11,14.6,12.4,17.0,0.0
2024-09-12,13.8,9.7,16.5,0.0
2024-09-13,14.2,1.3,16.8,0.0
2024-09-14,14.6,10.3,19.0,0.0
2024-09-15,14.0,10.8,19.5,0.0
2024-09-16,17.8,11.3,25.5,0.0
2024-09-17,17.9,14.8,26.0,0.0
2024-09-18,18.4,15.8,21.0,0.0
2024-09-19,19.6,17.1,22.5,14.7
2024-09-20,18.7,13.4,23.5,0.0
2024-09-21,18.8,15.0,24.0,0.0
2024-09-22,18.9,16.1,23.3,0.6
2024-09-23,16.6,14.7,18.6,0.0
2024-09-24,16.6,14.5,19.0,0.0
2024-09-25,16.6,14.3,19.6,0.0
2024-09-26,15.1,11.5,19.3,0.0
2024-09-27,15.3,11.8,19.4,0.0
2024-09-28,18.0,14.3,22.0,0.0
2024-09-29,20.4,17.0,24.6,0.0
2024-09-30,22.6,18.8,27.2,11.2
2024-10-01,18.8,14.7,27.6,0.0
2024-10-02,16.6,13.3,21.6,0.0
2024-10-03,14.9,10.5,20.0,0.0
2024-10-04,16.8,12.9,23.7,0.0
2024-10-05,18.6,14.8,22.8,0.0
2024-10-06,17.8,15.8,23.3,0.0
2024-10-07,18.2,16.7,20.1,0.0
2024-10-08,20.1,15.8,24.4,0.0
2024-10-09,16.6,13.7,21.2,0.2
2024-10-10,17.6,15.2,19.7,0.0
2024-10-11,21.8,15.9,28.7,0.0
2024-10-12,18.5,12.8,28.8,7.1
2024-10-13,18.2,15.8,21.0,0.3
2024-10-14,18.2,16.5,19.8,0.0
2024-10-15,19.3,16.3,21.6,0.0
2024-10-16,19.8,17.2,22.9,0.0
2024-10-17,24.9,21.1,29.6,0.2
2024-10-18,20.0,17.0,24.1,0.0
2024-10-19,21.1,17.1,25.5,0.0
2024-10-20,22.7,18.2,27.2,0.0
2024-10-21,24.9,19.6,29.5,15.0
2024-10-22,23.7,20.0,29.0,2.0
2024-10-23,20.8,18.8,25.7,0.0
2024-10-24,25.0,18.5,21.7,6.4
2024-10-25,16.2,13.2,20.2,3.8
2024-10-26,16.6,8.7,25.0,0.0
2024-10-27,20.5,14.7,25.1,0.0
2024-10-28,22.2,17.3,29.1,0.0
2024-10-29,23.6,18.8,27.9,0.0
2024-10-30,23.7,21.2,28.0,0.0
2024-10-31,22.9,20.0,26.4,0.0
2024-11-01,24.9,20.8,28.9,26.9
2024-11-02,23.3,20.5,28.9,0.0
2024-11-03,19.4,18.6,22.9,0.0
2024-11-04,20.3,17.4,23.2,22.5
2024-11-05,19.6,16.0,22.5,0.0
2024-11-06,20.3,16.5,24.1,0.0
2024-11-07,19.5,24.4,22.4,0.1
2024-11-08,18.8,14.8,22.5,3.0
2024-11-09,21.5,18.2,25.5,0.0
2024-11-10,23.5,19.5,27.7,27.9
2024-11-11,18.4,14.5,28.0,0.0
2024-11-12,17.5,11.2,24.5,2.0
2024-11-13,20.5,15.2,24.8,1.0
2024-11-14,22.6,18.5,27.2,0.0
2024-11-15,24.6,20.7,28.7,5.1
2024-11-16,25.5,22.6,29.3,0.0
2024-11-17,19.5,15.2,29.5,32.8
2024-11-18,18.0,19.5,22.0,0.0
2024-11-19,19.5,20.4,21.0,0.0
2024-11-20,21.0,21.6,24.0,0.0
2024-11-21,21.4,20.8,24.0,0.0
2024-11-22,21.4,18.7,24.2,0.0
2024-11-23,22.2,21.1,25.2,7.9
2024-11-24,24.3,18.8,28.7,3.6
2024-11-25,24.0,21.9,29.8,0.0
2024-11-26,22.6,16.4,25.6,1.7
2024-11-27,22.3,18.5,25.9,6.2
2024-11-28,22.4,18.3,25.2,1.0
2024-11-29,22.9,16.9,27.3,11.2
2024-11-30,21.9,21.3,24.0,0.9
2024-12-01,24.7,19.2,22.1,29.7
2024-12-02,19.2,13.8,22.6,0.0
2024-12-03,15.8,11.1,23.0,0.0
2024-12-04,21.0,15.4,31.7,0.0
2024-12-05,23.8,17.4,30.0,0.9
2024-12-06,22.6,16.6,30.1,0.4
2024-12-07,17.8,12.6,28.0,0.0
2024-12-08,17.3,13.6,21.6,0.0
2024-12-09,18.4,14.6,23.1,
2024-12-10,22.2,16.8,25.8,
2024-12-11,24.1,20.6,36.0,
2024-12-12,25.2,20.8,29.2,
2024-12-13,24.4,21.7,30.0,
2024-12-14,23.1,18.3,37.0,0.3
2024-12-15,21.1,16.9,29.0,0.0
2024-12-16,20.4,15.5,28.0,0.0
2024-12-17,22.1,19.1,27.5,0.0
2024-12-18,24.2,20.7,26.5,0.8
2024-12-19,23.3,18.4,27.3,0.0
2024-12-20,25.5,20.9,30.6,3.8
2024-12-21,19.3,15.8,30.6,0.3
2024-12-22,20.4,15.8,28.6,0.0
2024-12-23,23.9,17.8,28.9,0.0
2024-12-24,22.2,17.2,28.9,1.5
2024-12-25,18.4,14.8,26.3,0.0
2024-12-26,19.8,14.1,28.3,0.0
2024-12-27,21.4,16.8,24.1,0.0
2024-12-28,23.3,20.0,24.0,0.0
2024-12-29,21.6,18.3,25.2,0.0
2024-12-30,22.9,19.5,26.2,0.0
2024-12-31,24.3,20.8,28.2,0.0
2025-01-01,25.4,22.8,29.1,3.9
2025-01-02,26.3,20.0,31.5,0.0
2025-01-03,22.9,17.2,31.6,0.0
2025-01-04,20.9,16.3,28.1,0.0
2025-01-05,21.3,17.8,23.2,0.0
2025-01-06,21.9,18.7,25.2,0.0
2025-01-07,23.0,19.6,26.7,0.0
2025-01-08,23.8,20.8,27.0,0.0
2025-01-09,24.6,20.8,29.0,0.0
2025-01-10,24.7,20.8,29.5,0.0
2025-01-11,24.2,21.3,28.2,0.0
2025-01-12,24.2,21.1,27.4,0.0
2025-01-13,25.4,22.3,27.3,0.0
2025-01-14,25.8,21.7,29.6,0.0
2025-01-15,26.5,21.3,30.6,0.0
2025-01-16,27.9,24.3,32.6,0.0
2025-01-17,26.7,22.8,33.4,0.9
2025-01-18,25.1,22.0,30.1,1.4
2025-01-19,23.2,21.2,26.0,19.6
2025-01-20,22.4,18.3,26.5,29.0
2025-01-21,23.7,19.8,27.5,0.0
2025-01-22,27.4,21.9,31.6,0.0
2025-01-23,27.6,24.3,32.2,0.2
2025-01-24,27.5,22.6,31.2,2.5
2025-01-25,26.4,22.3,31.0,0.0
2025-01-26,27.1,21.7,29.7,0.0
2025-01-27,25.4,21.0,27.2,4.1
2025-01-28,25.4,20.3,27.5,0.1
2025-01-29,24.8,21.3,28.0,0.0
2025-01-30,25.2,22.8,28.0,0.0
2025-01-31,24.8,21.6,27.5,0.0
2025-02-01,26.1,21.3,30.2,0.0
2025-02-02,27.6,23.3,32.5,0.0
2025-02-03,29.0,24.8,33.7,0.0
2025-02-04,27.5,25.0,34.3,6.6
2025-02-05,23.5,22.1,25.5,26.2
2025-02-06,23.2,18.7,26.5,0.0
2025-02-07,25.7,21.8,28.7,0.0
2025-02-08,27.1,23.5,29.7,0.0
2025-02-09,24.6,18.1,30.1,0.0
2025-02-10,27.8,20.5,36.2,0.0
2025-02-11,24.7,15.2,36.3,12.5
2025-02-12,22.9,19.4,24.7,0.1
2025-02-13,23.9,20.4,27.6,0.0
2025-02-14,24.0,22.2,27.0,5.6
2025-02-15,23.5,20.3,27.3,0.8
2025-02-16,25.0,21.0,28.0,0.9
2025-02-17,24.9,21.8,28.6,0.0
2025-02-18,18.1,13.0,28.5,0.0
2025-02-19,22.2,16.0,26.1,0.0
2025-02-20,25.4,20.6,30.0,0.0
2025-02-21,28.1,24.5,31.2,1.7
2025-02-22,25.4,23.0,27.7,0.0
2025-02-23,26.8,23.2,29.6,0.0
2025-02-24,25.0,22.2,27.6,0.0
2025-02-25,25.4,21.3,27.2,0.5
2025-02-26,24.6,22.1,26.2,0.4
2025-02-27,24.3,21.3,27.2,0.0
2025-02-28,25.5,21.9,28.0,14.7
2025-03-01,24.7,21.5,27.4,0.0
2025-03-02,23.4,21.0,24.7,13.7
2025-03-03,23.5,19.3,25.3,29.8
2025-03-04,24.9,21.1,27.2,19.1
2025-03-05,27.8,23.6,31.1,15.0
2025-03-06,29.6,25.6,34.7,7.2
2025-03-07,29.5,27.5,31.6,0.0
2025-03-08,21.9,18.3,32.1,15.3
2025-03-09,18.4,13.7,22.5,0.0
2025-03-10,19.7,16.0,23.0,0.0
2025-03-11,19.9,16.3,23.3,0.2
2025-03-12,18.2,15.9,22.5,0.9
2025-03-13,17.4,14.0,21.2,0.0
2025-03-14,18.3,14.7,21.6,
2025-03-15,20.4,16.8,22.5,
2025-03-16,21.4,18.3,25.0,
2025-03-17,22.7,19.5,26.2,0.0
2025-03-18,23.8,20.3,27.0,
2025-03-19,24.8,21.3,28.6,
2025-03-20,24.9,21.1,29.7,
2025-03-21,25.9,22.4,29.0,
2025-03-22,25.2,23.4,29.6,12.8
2025-03-23,21.4,18.8,27.6,3.9
2025-03-24,21.2,18.6,24.2,4.3
2025-03-25,20.7,16.8,24.9,0.0
2025-03-26,21.1,18.3,24.3,0.0
2025-03-27,23.4,20.1,25.6,4.4
2025-03-28,22.9,21.7,25.6,8.1
2025-03-29,21.7,17.8,26.2,0.0
2025-03-30,24.2,20.8,28.5,14.5
2025-03-31,17.8,14.0,28.9,13.3
2025-04-01,16.9,12.8,21.8,0.0
2025-04-02,19.6,15.4,23.0,0.0
2025-04-03,19.3,15.8,23.3,0.0
2025-04-04,12.0,7.8,22.5,0.0
2025-04-05,14.9,8.5,17.5,0.0
2025-04-06,17.6,13.7,21.0,0.0
2025-04-07,17.7,16.5,19.2,24.6
2025-04-08,19.2,16.0,22.2,5.0
2025-04-09,19.9,18.6,21.5,0.4
2025-04-10,19.9,18.1,22.0,0.3
2025-04-11,21.1,19.0,24.1,0.4
2025-04-12,20.8,18.0,23.2,1.0
2025-04-13,18.4,13.6,23.5,0.0
2025-04-14,17.7,14.5,23.1,0.0
2025-04-15,17.6,16.0,20.8,0.2
2025-04-16,17.1,14.3,19.5,0.5
2025-04-17,17.0,13.5,19.7,
2025-04-18,17.2,13.3,21.1,
2025-04-19,15.4,11.0,21.7,
2025-04-20,15.0,11.7,19.5,
2025-04-21,16.3,13.7,18.7,
2025-04-22,18.7,15.0,21.6,
2025-04-23,20.7,16.6,25.6,0.0
2025-04-24,19.2,17.5,25.6,0.0
2025-04-25,20.4,17.3,24.2,13.2
2025-04-26,18.8,15.0,24.5,14.5
2025-04-27,16.7,11.8,22.1,0.0
2025-04-28,16.9,12.3,22.5,0.0
2025-04-29,16.6,11.8,21.5,0.0
2025-04-30,18.0,13.3,21.1,0.0
2025-05-01,18.2,15.3,21.2,0.0
2025-05-02,19.0,15.6,21.6,0.0
2025-05-03,18.7,15.3,22.5,0.0
2025-05-04,20.2,17.3,23.2,12.2
2025-05-05,18.1,15.3,23.4,22.9
2025-05-06,19.7,15.9,22.0,11.5
2025-05-07,19.9,18.5,21.4,29.1
2025-05-08,18.8,16.0,20.9,1.3
2025-05-09,18.1,14.3,21.7,0.0
2025-05-10,18.5,15.0,21.0,0.0
2025-05-11,17.1,14.5,22.5,0.0
2025-05-12,16.8,13.8,19.7,0.0
2025-05-13,18.0,14.0,20.0,0.0
2025-05-14,19.6,15.7,22.0,0.0
2025-05-15,20.4,17.7,22.9,22.0
2025-05-16,20.1,18.0,22.0,18.0
2025-05-17,18.9,17.3,21.0,10.4
2025-05-18,16.4,12.3,21.0,13.9
2025-05-19,13.4,10.3,18.0,1.0
2025-05-20,12.9,9.0,17.0,0.3
2025-05-21,12.9,11.0,17.5,0.0
2025-05-22,12.6,9.2,15.0,0.0
2025-05-23,13.6,10.8,16.0,0.0
2025-05-24,15.1,11.5,16.0,2.4
2025-05-25,15.2,14.0,17.0,0.0
2025-05-26,17.1,13.6,19.0,0.8
2025-05-27,15.5,12.4,19.2,0.0
2025-05-28,10.3,7.1,14.8,0.0
2025-05-29,10.0,6.0,13.0,0.0
2025-05-30,10.2,5.5,14.0,0.0
2025-05-31,12.4,7.5,18.0,0.3
2025-06-01,11.6,5.4,18.1,0.0
2025-06-02,12.3,8.1,17.3,0.0
2025-06-03,12.8,9.6,17.6,0.0
2025-06-04,13.6,10.3,17.0,0.0
2025-06-05,12.5,9.3,17.4,0.0
2025-06-06,12.2,8.3,17.0,0.0
2025-06-07,12.9,8.8,17.5,0.0
2025-06-08,12.0,10.0,14.0,0.0
2025-06-09,9.8,7.3,14.4,0.0
2025-06-10,10.4,6.0,14.0,0.0
2025-06-11,12.6,8.7,14.0,0.0
2025-06-12,13.4,10.3,16.0,0.0
2025-06-13,13.3,10.4,16.9,13.0
2025-06-14,11.5,10.0,13.0,19.4
2025-06-15,9.9,5.3,13.0,0.0
2025-06-16,11.2,6.8,14.0,2.6
2025-06-17,12.2,8.8,14.2,0.3
2025-06-18,11.1,6.5,16.0,0.0
2025-06-19,11.4,6.5,16.5,0.0
2025-06-20,12.2,8.3,17.0,0.0
2025-06-21,12.3,8.1,17.6,0.0
2025-06-22,11.3,6.0,14.0,0.6
2025-06-23,6.6,3.1,15.0,1.9
2025-06-24,8.3,3.0,14.0,0.0
2025-06-25,10.4,4.1,14.3,0.0
2025-06-26,9.9,4.4,15.0,0.0
2025-06-27,10.7,5.8,15.5,0.0
2025-06-28,10.5,7.0,13.0,0.0
2025-06-29,7.1,4.6,13.0,0.4
2025-06-30,4.4,2.7,9.4,0.0
2025-07-01,5.2,1.7,9.0,0.0
2025-07-02,5.8,1.5,10.0,0.0
2025-07-03,9.1,3.7,13.0,0.0
2025-07-04,10.5,6.7,13.3,0.0
2025-07-05,11.2,8.0,13.0,0.0
2025-07-06,11.0,9.1,13.0,0.0
2025-07-07,13.3,9.8,19.0,0.0
2025-07-08,10.7,9.0,13.0,0.0
2025-07-09,11.9,8.8,15.0,0.0
2025-07-10,12.5,11.2,16.0,0.1
2025-07-11,12.6,9.5,14.0,0.0
2025-07-12,12.1,9.0,14.0,0.0
2025-07-13,12.8,11.0,15.0,0.0
2025-07-14,11.9,10.0,15.0,0.0
2025-07-15,14.9,9.7,18.0,5.5
2025-07-16,13.6,10.0,18.0,16.3
2025-07-17,8.9,8.0,11.0,0.0
2025-07-18,10.2,5.8,15.0,0.0
2025-07-19,11.4,7.3,16.0,0.0
2025-07-20,12.9,8.3,16.8,0.0
2025-07-21,13.9,10.5,17.3,0.0
2025-07-22,11.5,10.0,13.0,0.0
2025-07-23,9.2,6.3,13.6,0.0
2025-07-24,11.1,7.2,14.0,0.0
2025-07-25,12.4,9.9,14.0,7.3
2025-07-26,9.7,7.0,13.0,0.0
2025-07-27,10.3,7.4,12.0,0.0
2025-07-28,11.3,9.3,14.0,0.0
2025-07-29,10.8,8.0,14.8,0.0
2025-07-30,13.3,8.6,16.0,0.0
2025-07-31,14.3,10.8,18.0,0.0
2025-08-01,16.0,12.3,17.5,15.6
2025-08-02,15.8,12.4,19.0,0.0
2025-08-03,14.1,12.0,17.0,0.0
2025-08-04,13.0,9.9,18.0,0.0
2025-08-05,10.0,8.0,12.0,0.0
2025-08-06,11.1,8.3,14.0,0.0
2025-08-07,11.0,7.5,14.3,0.0
2025-08-08,10.1,5.8,14.0,0.0
2025-08-09,10.0,6.5,14.9,0.0
2025-08-10,12.0,7.7,15.0,0.0
2025-08-11,12.9,9.6,19.0,0.0
2025-08-12,14.7,9.5,21.0,0.0
2025-08-13,13.1,10.3,21.7,0.0
2025-08-14,8.7,7.0,10.0,0.0
2025-08-15,8.2,7.0,10.1,0.0
2025-08-16,10.7,6.8,12.0,0.1
2025-08-17,12.6,10.0,14.0,0.0
2025-08-18,13.9,12.0,16.0,1.3
2025-08-19,14.6,12.2,16.1,67.3
2025-08-20,15.1,12.6,17.0,13.2
2025-08-21,14.3,9.1,18.0,0.0
2025-08-22,15.6,12.8,19.0,0.2
2025-08-23,12.6,9.7,20.2,0.0
2025-08-24,11.9,6.3,18.0,0.0
2025-08-25,14.5,11.0,21.0,0.0
2025-08-26,14.4,11.0,18.0,0.0
2025-08-27,15.2,12.0,19.0,0.0
2025-08-28,15.3,13.0,18.0,0.0
2025-08-29,16.8,15.0,20.0,0.0
2025-08-30,17.3,15.0,20.0,0.0
2025-08-31,16.8,15.0,18.0,13.9
2025-09-01,13.3,11.0,17.0,18.0
2025-09-02,12.1,10.0,14.0,1.5
2025-09-03,13.0,11.0,17.0,0.0
2025-09-04,9.2,6.0,12.0,0.0
2025-09-05,9.9,6.0,14.0,0.0
2025-09-06,10.5,7.0,13.0,0.0
2025-09-07,12.6,11.0,15.0,0.0
2025-09-08,14.3,13.0,16.0,0.0
2025-09-09,16.3,12.0,22.0,0.0
2025-09-10,17.5,14.0,22.0,0.0
2025-09-11,17.8,14.0,23.0,0.0
2025-09-12,16.2,13.0,19.0,0.0
2025-09-13,15.6,13.0,19.0,0.0
2025-09-14,17.4,14.0,21.0,0.1
2025-09-15,15.8,14.0,17.0,2.4
2025-09-16,15.1,14.0,17.0,0.0
2025-09-17,17.8,16.0,20.0,0.0
2025-09-18,18.7,17.0,20.0,10.6
2025-09-19,18.3,17.0,19.0,17.8
2025-09-20,16.7,13.0,19.0,40.7
2025-09-21,14.1,12.8,16.0,0.0
2025-09-22,15.6,11.0,20.0,0.0
2025-09-23,15.1,11.0,18.0,0.0
2025-09-24,12.5,9.0,15.0,0.0
2025-09-25,13.3,10.0,17.0,0.0
2025-09-26,16.7,12.0,21.0,0.6
2025-09-27,16.1,15.0,19.0,16.1
2025-09-28,17.2,11.0,22.0,0.0
2025-09-29,18.0,14.0,21.0,0.7
2025-09-30,19.3,16.0,25.0,0.0
2025-10-01,17.9,14.0,21.0,0.0
2025-10-02,19.1,17.0,21.0,0.0
2025-10-03,19.7,17.0,22.0,0.0
2025-10-04,22.9,20.0,26.0,0.0
2025-10-05,18.8,13.0,23.0,14.7
2025-10-06,13.5,10.0,16.0,0.0
2025-10-07,16.6,11.0,23.0,0.0
2025-10-08,19.1,13.7,24.0,0.0
2025-10-09,20.3,15.2,24.8,0.0
2025-10-12,16.0,14.0,20.0,1.1
2025-10-13,19.0,13.0,25.0,0.0
2025-10-14,19.3,16.0,21.0,0.0
2025-10-15,21.7,18.0,25.0,0.0
2025-10-16,21.8,19.0,25.0,0.0
2025-10-17,20.0,17.0,21.0,0.0
2025-10-18,16.8,14.0,20.0,0.0
2025-10-19,16.8,13.0,20.0,0.0
2025-10-20,19.4,15.0,23.0,0.0
2025-10-21,21.6,17.0,26.0,0.0
2025-10-22,21.5,20.0,25.0,0.6
2025-10-23,23.8,21.0,28.0,0.4
2025-10-24,20.6,20.0,22.5,19.8
2025-10-25,16.4,13.0,20.0,12.6
2025-10-26,17.2,11.0,22.0,0.0
2025-10-27,12.7,11.0,17.0,0.4
2025-10-28,11.8,8.0,15.0,0.0
2025-10-29,13.7,10.0,17.0,2.7
2025-10-30,16.3,14.0,18.0,0.0
2025-10-31,18.2,15.0,22.0,0.0
2025-11-01,20.9,17.0,25.0,0.0
2025-11-02,19.9,18.0,22.0,0.4
2025-11-03,21.3,18.0,25.0,0.3
2025-11-04,19.6,17.0,22.0,7.1
2025-11-05,16.4,14.0,20.0,0.0
2025-11-06,15.5,13.0,17.0,0.2
2025-11-07,15.4,14.0,17.0,4.5
2025-11-08,16.7,13.0,20.0,1.6
2025-11-09,19.5,15.0,23.2,0.0
2025-11-10,21.4,18.0,24.0,0.0
2025-11-11,21.8,17.0,27.0,9.3
2025-11-12,21.3,15.0,26.0,0.0
2025-11-13,22.2,18.0,26.0,0.0
2025-11-14,23.8,19.0,28.0,0.0
2025-11-15,25.3,21.0,29.0,0.1
2025-11-16,20.1,16.0,26.0,14.2
2025-11-17,17.8,12.0,23.0,0.0
2025-11-18,21.9,17.0,28.0,0.0
2025-11-19,19.4,17.0,22.0,0.0
2025-11-20,19.0,16.0,22.0,36.5
2025-11-21,16.7,15.0,18.0,1.6
2025-11-22,16.2,12.0,19.0,0.0
2025-11-23,18.5,16.0,21.0,0.0
2025-11-24,20.4,18.0,24.0,0.0
2025-11-25,22.5,19.0,26.0,0.0
2025-11-26,24.2,20.0,28.0,0.0
2025-11-27,25.3,22.0,29.0,0.1
2025-11-28,22.9,18.0,25.0,0.0
2025-11-29,17.9,16.0,19.0,2.4
2025-11-30,18.9,18.0,20.0,6.1
2025-12-01,20.3,18.0,25.0,4.3
2025-12-02,21.5,17.0,24.0,0.1
2025-12-03,25.3,20.0,31.0,0.3
2025-12-04,27.4,23.0,32.0,0.0
2025-12-05,27.0,24.0,31.0,0.0
2025-12-06,27.5,22.0,31.0,0.0
2025-12-07,21.6,19.0,25.0,0.0
2025-12-08,21.9,20.0,24.0,0.0
2025-12-09,22.4,21.0,23.0,2.1
2025-12-10,23.2,19.0,26.0,1.1
2025-12-11,24.8,19.0,31.0,2.0
2025-12-12,27.6,20.0,34.0,0.0
2025-12-13,26.5,22.0,31.0,3.9
2025-12-14,22.1,19.0,24.0,9.6
2025-12-15,22.1,19.0,26.0,0.1
2025-12-16,21.1,16.0,25.0,0.0
2025-12-17,23.4,19.0,29.0,0.0
2025-12-18,26.4,22.0,31.0,0.0
2025-12-19,24.1,20.0,28.6,0.0
2025-12-20,25.7,23.0,27.2,4.1
2025-12-21,24.7,22.9,28.3,2.0
2025-12-22,24.0,21.4,26.0,0.0
2025-12-23,25.6,22.0,29.0,0.3
2025-12-24,29.0,25.0,34.0,1.3
2025-12-25,24.7,22.0,27.0,0.0
2025-12-26,26.8,22.0,31.0,0.0
2025-12-27,28.9,25.0,35.0,0.0
2025-12-28,27.7,26.0,31.0,0.0
2025-12-29,27.7,24.0,31.0,0.0
2025-12-30,29.7,26.0,33.0,0.0
2025-12-31,32.3,28.0,38.0,0.0
