año,mes,total,alberti,avellaneda,dellepiane,illia,retiro,sarmiento,salguero,paseo_del_bajo
2014,1,8871393,410717.0,4101063,2586999,1772614,,,,
2014,2,8378835,392208.0,3716772,2336600,1933255,,,,
2014,3,9458624,476013.0,4163158,2673269,2146184,,,,
2014,4,9244539,474369.0,4084013,2577591,2108566,,,,
2014,5,9655685,497265.0,4271068,2716431,2170921,,,,
2014,6,9572969,474656.0,4025198,2573736,2326562,172817.0,,,
2014,7,10042611,489280.0,4218717,2646109,2467344,214734.0,6427.0,,
2014,8,10095257,411063.0,4254658,2635498,2506934,255742.0,31362.0,,
2014,9,10202917,411151.0,4247539,2656570,2577867,265944.0,43846.0,,
2014,10,10797928,436151.0,4450481,2831935,2736773,286440.0,56148.0,,
2014,11,10287062,417350.0,4297539,2614126,2617986,279228.0,60833.0,,
2014,12,10589747,495713.0,4492471,2655401,2589354,289970.0,66838.0,,
2015,1,9183066,429776.0,3877171,2349779,2219686,262385.0,44269.0,,
2015,2,8676542,405753.0,3549790,2224777,2193986,249878.0,52358.0,,
2015,3,9673493,475158.0,3866298,2406869,2568392,283791.0,72985.0,,
2015,4,9805280,468860.0,3898236,2408218,2664419,287467.0,78080.0,,
2015,5,9920292,466119.0,3942180,2491354,2669843,267957.0,82839.0,,
2015,6,9927492,462105.0,3923655,2470997,2709051,277556.0,84128.0,2490.0,
2015,7,10580641,482109.0,4215706,2615469,2888607,280042.0,88933.0,9775.0,
2015,8,10465994,470305.0,4129412,2661210,2847338,258514.0,87231.0,11984.0,
2015,9,10748395,493632.0,4191756,2722400,2962912,268379.0,94338.0,14978.0,
2015,10,11112507,511166.0,4396886,2791255,3020561,274043.0,100682.0,17914.0,
2015,11,10872127,493124.0,4347108,2737237,2913535,262602.0,98029.0,20492.0,
2015,12,11057954,514395.0,4477575,2838389,2858371,253414.0,93239.0,22571.0,
2016,1,9657553,413564.0,3948702,2517367,2463061,231873.0,64546.0,18440.0,
2016,2,9274713,407887.0,3782579,2343960,2436557,213530.0,71700.0,18500.0,
2016,3,10406028,466157.0,4199384,2570311,2822648,235642.0,86431.0,25455.0,
2016,4,10102880,462026.0,4093950,2466260,2740252,221334.0,91081.0,27977.0,
2016,5,10360617,461768.0,4188798,2560453,2808177,229389.0,90448.0,21584.0,
2016,6,9988056,450791.0,4021503,2483592,2722524,219388.0,90258.0,,
2016,7,10355455,470878.0,4198786,2570003,2806178,214067.0,81339.0,14204.0,
2016,8,10863024,491630.0,4334963,2692949,2997238,230276.0,91676.0,24292.0,
2016,9,10800888,487469.0,4317315,2692032,2981779,223741.0,63980.0,34572.0,
2016,10,11019739,491137.0,4413896,2750943,3050647,228852.0,40869.0,43395.0,
2016,11,11112380,501037.0,4450135,2774143,3040420,227036.0,79755.0,39854.0,
2016,12,11322864,533537.0,4599996,2827685,3010758,232501.0,80694.0,37693.0,
2017,1,10033964,451147.0,4095454,2554087,2635539,220448.0,50278.0,27011.0,
2017,2,8827747,407928.0,3580191,2194384,2365842,191377.0,61516.0,26509.0,
2017,3,10238340,494698.0,4183461,2457277,2736674,224858.0,92525.0,48847.0,
2017,4,9759964,462460.0,3964312,2365701,2626137,204479.0,85077.0,51798.0,
2017,5,10270500,480942.0,4206868,2468778,2754683,222503.0,83665.0,53061.0,
2017,6,10191533,481528.0,4156839,2479383,2729830,209426.0,83831.0,50696.0,
2017,7,10410352,485643.0,4232987,2538940,2823610,196668.0,80733.0,51771.0,
2017,8,10815061,499914.0,4408849,2654863,2922247,182811.0,88363.0,58014.0,
2017,9,10770140,493117.0,4390925,2633904,2939809,168525.0,90818.0,53042.0,
2017,10,11242038,514140.0,4513028,2785746,3085379,184016.0,93710.0,66019.0,
2017,11,11270697,518303.0,4543414,2779368,3086771,181937.0,93764.0,67140.0,
2017,12,10994165,499341.0,4530595,2780220,2862906,165683.0,92464.0,62956.0,
2018,1,10021685,444456.0,4124059,2532102,2637435,165042.0,64952.0,53639.0,
2018,2,9200211,418541.0,3688754,2289087,2550242,133151.0,69038.0,51398.0,
2018,3,10814180,504721.0,4290072,2647170,3076841,136378.0,95614.0,63384.0,
2018,4,10133941,469816.0,4069407,2400620,2908363,123723.0,94870.0,67142.0,
2018,5,10514259,491776.0,4211663,2479829,3035990,116182.0,103620.0,75199.0,
2018,6,9922408,470047.0,3999955,2365384,2828326,96162.0,89654.0,72880.0,
2018,7,10200447,475477.0,4108205,2429116,2925202,104662.0,86761.0,71024.0,
2018,8,10691507,502573.0,4293717,2530915,3078835,103404.0,98649.0,83414.0,
2018,9,10014357,470705.0,4014563,2420436,2846732,96571.0,87479.0,77871.0,
2018,10,10933905,508419.0,4392775,2636531,2995681,114675.0,122760.0,163064.0,
2018,11,10242364,473881.0,4179485,2477286,2825505,98328.0,97639.0,90240.0,
2018,12,10453913,503883.0,4309546,2563927,2789711,110264.0,92895.0,83687.0,
2019,1,9254939,421586.0,3832538,2268349,2471982,113367.0,73673.0,73444.0,
2019,2,9017731,415800.0,3631556,2121645,2586159,102535.0,75870.0,84166.0,
2019,3,9973835,460712.0,3972064,2343579,2900851,100069.0,99521.0,97039.0,
2019,4,9773660,458726.0,3910371,2317822,2783832,93807.0,108164.0,100938.0,
2019,5,10503096,477856.0,4149838,2474151,3016594,98247.0,118070.0,104360.0,63980.0
2019,6,10063746,446921.0,3750681,2319452,2879122,79245.0,100802.0,89158.0,398365.0
2019,7,11127209,482428.0,4108795,2528511,3242872,86447.0,102931.0,103607.0,471618.0
2019,8,11253384,484723.0,4174450,2577914,3286083,93894.0,112268.0,86125.0,437927.0
2019,9,11047406,476390.0,4041511,2538395,3194505,88523.0,112566.0,108447.0,487069.0
2019,10,11386471,504063.0,4240939,2435379,3336314,98431.0,121218.0,124872.0,525255.0
2019,11,11445022,492861.0,4193410,2596837,3312072,104738.0,121413.0,128563.0,495128.0
2019,12,11613700,507818.0,4298194,2731635,3187828,110180.0,109988.0,120800.0,547257.0
2020,1,10581277,430888.0,3924869,2521226,2849368,95403.0,86024.0,101143.0,572356.0
2020,2,10226887,416677.0,3747664,2389908,2811920,106457.0,91797.0,100589.0,561875.0
2020,3,7404079,326793.0,2739895,1761833,1952105,81588.0,65628.0,71138.0,405099.0
2020,4,3652227,217329.0,1310620,993733,729644,51546.0,21670.0,21504.0,306181.0
2020,5,4900798,274729.0,1792593,1288824,1043349,54173.0,31568.0,34064.0,381498.0
2020,6,5266194,224091.0,1955719,1251133,1245162,46440.0,41247.0,44799.0,457603.0
2020,7,5383861,210075.0,2051444,1264376,1305332,49016.0,49045.0,48340.0,406233.0
2020,8,6214555,258174.0,2390042,1493055,1481273,39416.0,70562.0,69221.0,412812.0
2020,9,7023769,293654.0,2731068,1729545,1604939,46869.0,71222.0,84695.0,461777.0
2020,10,7988781,337984.0,3106689,1962750,1872951,47624.0,85186.0,101540.0,474057.0
2020,11,8789647,377756.0,3391510,2142765,2154190,49566.0,95457.0,116790.0,461613.0
2020,12,9804849,442221.0,3812845,2450621,2350649,51387.0,104968.0,123128.0,469030.0
2021,1,8781879,377052.0,3413618,2243644,2083519,43971.0,81428.0,103804.0,434843.0
2021,2,8438456,378242.0,3259511,2095013,2051194,43601.0,97512.0,110447.0,402936.0
2021,3,9767077,466741.0,3765577,2293152,2455999,51474.0,116835.0,135434.0,481865.0
2021,4,8282512,388145.0,3151423,1941039,2087371,47750.0,100123.0,115218.0,451443.0
2021,5,7176824,344707.0,2690469,1681219,1800785,46194.0,83741.0,97369.0,432340.0
2021,6,8501733,427647.0,3198359,1966208,2136433,51688.0,103896.0,114174.0,503328.0
2021,7,9786464,492540.0,3673847,2241857,2519768,53239.0,124639.0,138617.0,541957.0
2021,8,10101639,507124.0,3807549,2324371,2616523,55227.0,134307.0,146966.0,509572.0
2021,9,10292771,511817.0,3809580,2351559,2737067,59406.0,136409.0,154339.0,532594.0
2021,10,10826500,541729.0,4030271,2470877,2899632,59807.0,147987.0,161764.0,514433.0
2021,11,11106073,520645.0,4039811,2538723,2989042,65291.0,150305.0,160196.0,642060.0
2021,12,11684739,560803.0,4358174,2704455,3110683,66284.0,159145.0,163599.0,561596.0
2022,1,9223965,427639.0,3393044,2200312,2414585,55754.0,124473.0,96968.0,511190.0
2022,2,9544364,469575.0,3452569,2197586,2582970,79173.0,151430.0,78674.0,532387.0
2022,3,11159759,571594.0,4012728,2517940,3051727,93211.0,182051.0,144267.0,586241.0
2022,4,11136775,559762.0,4036270,2515850,3059659,74886.0,188223.0,154893.0,547232.0
2022,5,11159709,569287.0,4020533,2533679,3046090,71067.0,191553.0,166866.0,560634.0
2022,6,11052052,579196.0,3962830,2522251,2989841,67801.0,205174.0,163490.0,561469.0
2022,7,11591560,595387.0,4155356,2658360,3161179,69491.0,197129.0,166300.0,588358.0
2022,8,11961134,631214.0,4278530,2703803,3267656,76207.0,212478.0,174885.0,616361.0
2022,9,11869535,628959.0,4225295,2702864,3226823,80132.0,210270.0,191583.0,603609.0
2022,10,12039484,656061.0,4301461,2743562,3271074,84017.0,208507.0,187651.0,587151.0
2022,11,11896381,648979.0,4223254,2733248,3218283,81914.0,209151.0,185455.0,596097.0
2022,12,11483646,640234.0,4123520,2696066,2994662,79471.0,198793.0,169978.0,580922.0
2023,1,10745918,583574.0,3832187,2565020,2817782,73044.0,144699.0,158822.0,570790.0
2023,2,10157415,568665.0,3648036,2281582,2782927,71121.0,151808.0,151219.0,502057.0
2023,3,12133732,729157.0,4291853,2685816,3358031,83533.0,193148.0,186229.0,605965.0
2023,4,11104285,679661.0,3906546,2342067,3192828,70395.0,196839.0,165095.0,550854.0
2023,5,11040082,716418.0,3855005,2186653,3257506,76321.0,192738.0,167433.0,588008.0
2023,6,11443742,692469.0,4000792,2475134,3304539,44026.0,190789.0,162246.0,573747.0
2023,7,12437735,711462.0,4415876,2746902,3596242,,192012.0,160102.0,615139.0
2023,8,12103862,299519.0,4300766,2817142,3689017,,192520.0,159834.0,645064.0
2023,9,11471081,,4231708,2744554,3509651,,189297.0,201991.0,593880.0
2023,10,12492636,540253.0,4347601,2956077,3636156,,188099.0,204004.0,620446.0
2023,11,12795813,747795.0,4359813,2899116,3775684,,204099.0,179907.0,629399.0
2023,12,12502147,743017.0,4289165,2893373,3570896,,186581.0,171426.0,647689.0
2024,1,10942810,629653.0,3751203,2620598,3116026,,122891.0,153993.0,548446.0
2024,2,10722646,650577.0,3626960,2499203,3156296,,124594.0,157422.0,507594.0
2024,3,11975996,732192.0,3980821,2758941,3559685,,150118.0,185513.0,608726.0
2024,4,11480489,734940.0,3775053,2575529,3462649,,171573.0,140450.0,620295.0
2024,5,11920240,762432.0,3938910,2635854,3592732,,158471.0,181074.0,650767.0
2024,6,10486647,653788.0,3804915,2426935,2821229,,146521.0,78928.0,554331.0
2024,7,11524295,695647.0,4113275,2646010,3186133,,138740.0,117318.0,627172.0
2024,8,12014639,731976.0,4143080,2641858,3475649,,136865.0,159189.0,726022.0
2024,9,11816404,724512.0,4046340,2614026,3451001,,134996.0,164306.0,681223.0
2024,10,12500229,760828.0,4327065,2735451,3643684,,137413.0,173136.0,722652.0
2024,11,12393896,745755.0,4262455,2766365,3597356,,166676.0,108576.0,746713.0
2024,12,12619054,720595.0,4387800,2873410,3607837,,191730.0,78050.0,759632.0
2025,1,11106653,581465.0,3869229,2580994,3128957,,148164.0,83216.0,714628.0
2025,2,10849603,634967.0,3747518,2460696,3095539,,127497.0,117741.0,665645.0
2025,3,12027999,725667.0,4106670,2691291,3451729,,160911.0,150705.0,741026.0
2025,4,12141208,713949.0,4162488,2726720,3492258,,158494.0,153716.0,733583.0
2025,5,12485522,733288.0,4258217,2773769,3629466,,169221.0,163330.0,758231.0
2025,6,11783467,690653.0,4038573,2618993,3404289,,150606.0,154633.0,725720.0
2025,7,12789100,740085.0,4415976,2804768,3716863,,153725.0,167913.0,789770.0
2025,8,12717526,741252.0,4396038,2749897,3711127,,165200.0,170651.0,783361.0
2025,9,12469675,739634.0,4258810,2692978,3691647,,161045.0,160098.0,765463.0
2025,10,12915420,749873.0,4396018,2830147,3829718,,164756.0,158432.0,786476.0
2025,11,12578370,683968.0,4271416,2779117,3720987,,151186.0,187793.0,783903.0
2025,12,12759915,749607.0,4457440,2784397,3674685,,144574.0,181301.0,767911.0
2026,1,11277034,659494.0,3946172,2461542,3213263,,118094.0,152051.0,726418.0
2026,2,10775420,648759.0,3745349,2259057,3174243,,142933.0,117367.0,687712.0
2026,3,12535567,715599.0,3615701,3408136,3719581,,198566.0,119914.0,758070.0
2026,4,12834461,728721.0,2940371,4520379,3585191,,152778.0,164042.0,742979.0
