año,mes,temp_media,temp_max_media,temp_min_media
1991,Enero,24.0,28.4,19.8
1991,Febrero,22.9,27.8,17.8
1991,Marzo,22.7,27.6,18.4
1991,Abril,17.8,22.4,13.6
1991,Mayo,16.0,20.7,12.2
1991,Junio,11.0,14.8,7.6
1991,Julio,10.5,14.8,6.7
1991,Agosto,13.2,17.1,9.3
1991,Septiembre,15.8,20.5,11.7
1991,Octubre,16.6,21.1,12.2
1991,Noviembre,19.7,24.3,15.3
1991,Diciembre,23.0,27.8,18.7
1992,Enero,23.9,28.5,19.8
1992,Febrero,24.2,29.0,19.8
1992,Marzo,22.9,27.4,18.9
1992,Abril,17.2,21.9,13.2
1992,Mayo,14.0,18.5,10.1
1992,Junio,13.2,16.6,10.3
1992,Julio,8.6,12.6,5.3
1992,Agosto,12.6,17.8,8.5
1992,Septiembre,14.5,19.1,10.3
1992,Octubre,18.2,23.6,12.9
1992,Noviembre,18.3,23.4,14.0
1992,Diciembre,23.3,27.7,18.7
1993,Enero,25.7,30.7,21.2
1993,Febrero,22.9,27.0,19.0
1993,Marzo,23.1,28.0,18.8
1993,Abril,18.5,23.2,14.6
1993,Mayo,14.1,18.4,10.7
1993,Junio,11.7,15.5,8.5
1993,Julio,9.5,13.7,6.2
1993,Agosto,12.7,18.2,8.0
1993,Septiembre,13.6,18.3,9.4
1993,Octubre,17.8,20.9,14.2
1993,Noviembre,20.1,23.6,15.8
1993,Diciembre,22.7,25.8,18.2
1994,Enero,23.5,28.4,18.7
1994,Febrero,23.8,28.9,19.3
1994,Marzo,21.7,26.6,17.6
1994,Abril,17.4,22.3,13.2
1994,Mayo,15.9,20.2,12.5
1994,Junio,12.8,16.6,9.6
1994,Julio,10.9,15.3,7.5
1994,Agosto,12.6,17.0,8.8
1994,Septiembre,15.6,20.3,11.7
1994,Octubre,17.4,21.6,13.3
1994,Noviembre,22.0,26.9,17.1
1994,Diciembre,25.5,30.7,20.5
1995,Enero,24.3,29.4,19.5
1995,Febrero,22.8,28.4,18.4
1995,Marzo,21.9,27.4,17.3
1995,Abril,17.7,23.3,13.5
1995,Mayo,14.5,19.5,10.8
1995,Junio,11.1,15.7,7.2
1995,Julio,10.7,15.4,7.0
1995,Agosto,11.0,16.9,7.8
1995,Septiembre,15.6,19.9,11.1
1995,Octubre,17.3,22.3,12.6
1995,Noviembre,21.6,26.4,17.0
1995,Diciembre,24.4,30.1,19.3
1996,Enero,24.8,30.1,19.9
1996,Febrero,23.6,28.9,19.1
1996,Marzo,23.4,28.5,18.8
1996,Abril,18.7,22.8,14.8
1996,Mayo,15.1,20.5,10.8
1996,Junio,10.2,15.0,5.6
1996,Julio,10.0,14.6,5.9
1996,Agosto,14.9,20.3,10.3
1996,Septiembre,14.1,18.5,9.6
1996,Octubre,18.5,23.1,14.2
1996,Noviembre,21.8,26.9,17.1
1996,Diciembre,24.5,29.6,20.0
1997,Enero,26.5,31.5,21.7
1997,Febrero,23.1,28.4,18.6
1997,Marzo,22.4,27.7,17.9
1997,Abril,19.7,25.4,15.2
1997,Mayo,16.6,21.5,12.5
1997,Junio,12.1,15.9,9.0
1997,Julio,13.3,17.8,10.5
1997,Agosto,14.4,19.3,10.5
1997,Septiembre,14.5,19.3,10.0
1997,Octubre,17.6,21.7,13.5
1997,Noviembre,20.1,24.6,15.9
1997,Diciembre,21.7,26.7,17.6
1998,Enero,23.2,27.2,18.3
1998,Febrero,21.9,26.2,17.5
1998,Marzo,20.8,25.6,16.2
1998,Abril,18.0,22.0,14.6
1998,Mayo,15.3,19.5,11.6
1998,Junio,12.1,16.4,8.2
1998,Julio,13.0,16.6,9.3
1998,Agosto,12.8,17.2,7.8
1998,Septiembre,14.1,18.6,8.7
1998,Octubre,18.9,23.5,13.6
1998,Noviembre,20.7,24.7,15.5
1998,Diciembre,23.2,28.4,17.6
1999,Enero,22.7,27.4,18.1
1999,Febrero,23.3,27.9,18.8
1999,Marzo,22.7,27.2,18.7
1999,Abril,16.4,20.7,12.6
1999,Mayo,14.4,19.1,10.3
1999,Junio,11.5,15.2,8.1
1999,Julio,10.9,15.2,7.3
1999,Agosto,13.3,18.5,8.6
1999,Septiembre,15.6,19.8,11.4
1999,Octubre,17.7,22.2,13.6
1999,Noviembre,20.5,25.8,15.7
1999,Diciembre,23.7,29.8,18.2
2000,Enero,25.6,30.5,21.2
2000,Febrero,24.2,29.2,20.2
2000,Marzo,21.5,26.5,17.4
2000,Abril,18.4,23.3,14.7
2000,Mayo,14.2,17.5,11.0
2000,Junio,12.9,16.0,10.1
2000,Julio,9.0,13.0,5.9
2000,Agosto,12.1,16.7,8.1
2000,Septiembre,14.4,18.7,10.2
2000,Octubre,17.4,21.3,13.9
2000,Noviembre,19.4,24.0,14.9
2000,Diciembre,23.3,28.8,17.9
2001,Enero,25.4,30.2,20.9
2001,Febrero,25.5,29.9,20.0
2001,Marzo,22.8,26.9,19.0
2001,Abril,18.0,23.1,13.6
2001,Mayo,14.1,17.6,10.1
2001,Junio,12.7,16.7,8.7
2001,Julio,11.4,15.3,7.0
2001,Agosto,15.2,19.4,11.1
2001,Septiembre,14.7,18.7,10.7
2001,Octubre,17.8,21.3,14.6
2001,Noviembre,20.0,24.7,15.7
2001,Diciembre,22.6,27.8,18.0
2002,Enero,24.4,29.6,19.6
2002,Febrero,22.9,28.3,18.3
2002,Marzo,21.7,25.9,18.2
2002,Abril,17.0,21.6,13.0
2002,Mayo,16.2,20.8,12.4
2002,Junio,10.7,15.4,6.3
2002,Julio,11.0,15.3,7.4
2002,Agosto,13.8,18.8,10.0
2002,Septiembre,14.6,19.3,10.5
2002,Octubre,19.2,24.1,14.9
2002,Noviembre,21.3,26.5,16.5
2002,Diciembre,22.6,27.3,18.2
2003,Enero,25.2,30.7,20.1
2003,Febrero,22.8,28.5,18.4
2003,Marzo,22.2,27.0,18.1
2003,Abril,17.2,22.0,13.1
2003,Mayo,14.9,19.5,11.2
2003,Junio,12.6,16.8,9.1
2003,Julio,10.7,15.9,6.4
2003,Agosto,11.6,16.5,7.5
2003,Septiembre,14.3,19.2,9.8
2003,Octubre,18.8,24.1,13.9
2003,Noviembre,20.1,25.3,15.5
2003,Diciembre,21.8,27.2,16.3
2004,Enero,25.0,30.4,19.8
2004,Febrero,22.7,28.1,18.4
2004,Marzo,23.1,28.5,18.6
2004,Abril,19.4,24.7,15.3
2004,Mayo,12.9,17.6,9.1
2004,Junio,12.8,17.3,9.7
2004,Julio,11.6,16.4,8.1
2004,Agosto,13.4,17.9,9.7
2004,Septiembre,15.5,21.2,10.9
2004,Octubre,17.2,22.5,12.4
2004,Noviembre,19.6,24.1,15.3
2004,Diciembre,23.5,28.2,18.5
2005,Enero,25.3,31.2,20.3
2005,Febrero,23.7,28.5,19.9
2005,Marzo,21.1,26.1,16.7
2005,Abril,16.7,22.6,11.6
2005,Mayo,14.6,19.3,10.3
2005,Junio,13.7,17.7,10.5
2005,Julio,12.1,16.4,8.8
2005,Agosto,12.6,17.2,8.7
2005,Septiembre,13.8,18.6,9.7
2005,Octubre,17.2,22.6,11.6
2005,Noviembre,22.1,28.0,17.1
2005,Diciembre,22.0,28.1,16.5
2006,Enero,24.1,29.2,20.0
2006,Febrero,23.7,28.9,19.4
2006,Marzo,20.3,25.3,15.8
2006,Abril,18.3,23.6,14.4
2006,Mayo,13.2,18.5,9.2
2006,Junio,12.6,16.9,9.3
2006,Julio,13.7,17.8,10.4
2006,Agosto,11.7,16.8,8.0
2006,Septiembre,15.1,20.8,10.5
2006,Octubre,19.4,24.7,14.8
2006,Noviembre,20.5,25.5,15.6
2006,Diciembre,24.8,29.6,19.7
2007,Enero,24.5,29.4,20.1
2007,Febrero,24.7,30.1,19.7
2007,Marzo,21.7,26.0,18.0
2007,Abril,18.4,23.2,14.5
2007,Mayo,12.1,17.1,8.3
2007,Junio,10.3,15.6,6.0
2007,Julio,8.9,14.1,4.6
2007,Agosto,9.9,14.6,5.9
2007,Septiembre,16.6,21.4,12.7
2007,Octubre,19.1,23.7,14.4
2007,Noviembre,19.1,25.0,12.7
2007,Diciembre,23.6,29.3,18.0
2008,Enero,25.2,30.6,20.6
2008,Febrero,24.9,29.9,20.7
2008,Marzo,21.6,26.6,17.6
2008,Abril,18.2,24.9,13.1
2008,Mayo,14.9,20.8,10.6
2008,Junio,11.0,16.2,7.3
2008,Julio,13.8,17.7,10.7
2008,Agosto,12.5,17.9,7.8
2008,Septiembre,14.1,18.6,10.5
2008,Octubre,17.9,23.3,13.3
2008,Noviembre,24.1,30.0,19.5
2008,Diciembre,23.8,29.3,19.3
2009,Enero,25.5,31.1,20.6
2009,Febrero,24.2,29.9,19.4
2009,Marzo,23.2,28.2,19.0
2009,Abril,19.2,25.0,14.4
2009,Mayo,15.6,21.2,11.5
2009,Junio,11.0,16.1,7.1
2009,Julio,10.2,15.5,6.1
2009,Agosto,15.5,21.09,10.5
2009,Septiembre,13.4,17.8,9.4
2009,Octubre,17.5,22.8,12.8
2009,Noviembre,21.0,25.7,16.6
2009,Diciembre,22.3,27.0,18.1
2010,Enero,26.0,31.1,20.9
2010,Febrero,23.9,28.2,20.2
2010,Marzo,22.7,27.6,18.5
2010,Abril,17.4,22.9,13.1
2010,Mayo,15.6,20.1,11.7
2010,Junio,12.6,16.9,8.8
2010,Julio,10.8,15.3,7.0
2010,Agosto,11.8,16.6,7.2
2010,Septiembre,15.0,19.6,10.9
2010,Octubre,17.2,21.8,12.2
2010,Noviembre,20.8,26.5,15.2
2010,Diciembre,25.0,30.6,19.6
2011,Enero,25.4,30.6,20.9
2011,Febrero,23.6,28.6,19.4
2011,Marzo,21.9,27.4,17.6
2011,Abril,18.6,23.7,14.1
2011,Mayo,14.4,19.0,10.7
2011,Junio,11.6,15.6,8.4
2011,Julio,10.6,15.6,6.7
2011,Agosto,11.2,15.1,7.7
2011,Septiembre,15.9,21.7,10.5
2011,Octubre,16.9,22.1,12.5
2011,Noviembre,22.4,27.7,17.5
2011,Diciembre,22.6,28.1,17.7
2012,Enero,25.7,31.8,20.7
2012,Febrero,24.6,30.0,19.7
2012,Marzo,21.2,26.6,16.8
2012,Abril,17.5,23.3,12.8
2012,Mayo,16.3,20.6,13.2
2012,Junio,11.6,16.6,7.9
2012,Julio,9.1,14.7,4.9
2012,Agosto,13.3,17.3,10.2
2012,Septiembre,15.3,20.2,11.1
2012,Octubre,18.0,22.6,14.0
2012,Noviembre,22.3,27.7,17.1
2012,Diciembre,24.4,29.9,19.1
2013,Enero,25.0,30.3,20.2
2013,Febrero,23.6,29.1,19.2
2013,Marzo,19.9,25.2,15.4
2013,Abril,18.7,24.3,13.9
2013,Mayo,14.6,19.4,10.6
2013,Junio,12.1,17.8,8.1
2013,Julio,11.4,16.3,7.7
2013,Agosto,12.0,18.0,7.3
2013,Septiembre,13.9,18.8,10.0
2013,Octubre,18.1,23.0,13.9
2013,Noviembre,20.8,26.1,16.1
2013,Diciembre,26.6,32.5,21.5
2014,Enero,25.6,31.2,20.0
2014,Febrero,22.3,27.0,18.9
2014,Marzo,20.4,25.5,15.9
2014,Abril,17.8,22.4,14.2
2014,Mayo,14.6,18.5,11.4
2014,Junio,11.6,17.0,7.8
2014,Julio,12.0,16.5,8.3
2014,Agosto,14.7,20.5,10.2
2014,Septiembre,16.2,20.7,11.5
2014,Octubre,20.0,24.8,15.6
2014,Noviembre,20.9,26.1,15.7
2014,Diciembre,23.5,29.0,17.9
2015,Enero,24.2,29.4,19.2
2015,Febrero,24.5,29.5,20.0
2015,Marzo,22.9,28.0,17.9
2015,Abril,20.4,26.0,15.4
2015,Mayo,16.4,21.2,12.4
2015,Junio,12.9,18.2,8.8
2015,Julio,12.0,16.7,8.7
2015,Agosto,14.7,18.7,11.4
2015,Septiembre,14.2,19.2,10.1
2015,Octubre,15.5,20.2,11.7
2015,Noviembre,20.2,24.8,15.5
2015,Diciembre,24.7,29.8,19.9
2016,Enero,25.5,31.0,21.3
2016,Febrero,25.8,31.2,21.0
2016,Marzo,20.8,25.8,16.5
2016,Abril,16.9,20.6,14.0
2016,Mayo,12.3,16.0,9.2
2016,Junio,10.0,14.8,6.4
2016,Julio,10.6,14.1,7.8
2016,Agosto,13.3,18.8,8.6
2016,Septiembre,14.1,19.2,9.9
2016,Octubre,17.5,21.8,13.8
2016,Noviembre,21.1,26.5,15.7
2016,Diciembre,24.9,30.8,19.7
2017,Enero,25.5,30.4,20.9
2017,Febrero,25.1,30.1,20.6
2017,Marzo,22.1,26.9,18.0
2017,Abril,18.3,23.5,14.3
2017,Mayo,15.5,19.5,12.3
2017,Junio,13.2,17.9,9.5
2017,Julio,12.9,17.0,9.7
2017,Agosto,14.7,19.2,11.1
2017,Septiembre,15.6,20.3,11.6
2017,Octubre,18.0,23.0,11.3
2017,Noviembre,20.5,26.2,15.2
2017,Diciembre,24.2,30.3,19.1
2018,Enero,25.6,31.4,20.8
2018,Febrero,24.9,30.4,20.3
2018,Marzo,22.0,27.9,17.1
2018,Abril,21.4,25.7,18.6
2018,Mayo,16.1,20.3,13.2
2018,Junio,10.6,15.7,6.9
2018,Julio,10.5,13.5,8.0
2018,Agosto,12.3,17.0,8.0
2018,Septiembre,17.4,21.5,13.8
2018,Octubre,18.0,22.4,13.2
2018,Noviembre,21.6,26.3,16.7
2018,Diciembre,22.6,27.4,17.6
2019,Enero,24.9,29.3,20.7
2019,Febrero,24.2,29.1,19.2
2019,Marzo,21.0,25.6,16.8
2019,Abril,19.3,24.3,15.0
2019,Mayo,15.8,20.1,12.0
2019,Junio,14.5,17.8,11.3
2019,Julio,11.7,15.9,11.7
2019,Agosto,12.6,17.1,8.6
2019,Septiembre,15.3,20.4,10.4
2019,Octubre,17.8,22.0,13.0
2019,Noviembre,22.9,27.8,17.6
2019,Diciembre,24.0,29.5,18.0
2020,Enero,25.1,30.0,20.2
2020,Febrero,24.4,29.6,19.3
2020,Marzo,24.0,28.6,20.1
2020,Abril,18.0,22.8,13.6
2020,Mayo,15.3,20.4,11.0
2020,Junio,12.7,16.9,9.1
2020,Julio,10.5,15.1,6.7
2020,Agosto,13.9,19.0,9.2
2020,Septiembre,14.8,19.3,9.8
2020,Octubre,17.3,22.1,12.4
2020,Noviembre,21.8,26.5,17.3
2020,Diciembre,23.5,29.0,18.0
2021,Enero,25.1,30.4,20.6
2021,Febrero,23.4,28.5,18.8
2021,Marzo,22.0,26.3,18.1
2021,Abril,20.5,24.9,16.5
2021,Mayo,14.0,19.2,9.4
2021,Junio,11.6,15.6,8.2
2021,Julio,11.9,16.9,7.9
2021,Agosto,12.9,18.4,8.0
2021,Septiembre,15.8,19.5,12.5
2021,Octubre,18.9,24.3,13.3
2021,Noviembre,21.5,26.8,16.4
2021,Diciembre,24.7,29.5,20.5
2022,Enero,26.0,31.0,21.5
2022,Febrero,22.8,28.1,18.3
2022,Marzo,20.7,26.0,15.6
2022,Abril,18.0,23.0,13.0
2022,Mayo,13.4,18.5,9.1
2022,Junio,10.1,15.3,6.2
2022,Julio,12.3,16.4,8.8
2022,Agosto,13.4,18.5,9.0
2022,Septiembre,15.9,20.9,10.8
2022,Octubre,17.8,23.3,13.0
2022,Noviembre,22.9,28.3,17.7
2022,Diciembre,25.0,30.5,19.7
2023,Enero,26.5,32.1,21.5
2023,Febrero,25.3,31.1,20.1
2023,Marzo,26.6,31.6,22.5
2023,Abril,18.8,23.7,14.5
2023,Mayo,16.2,20.5,12.3
2023,Junio,12.9,17.4,9.0
2023,Julio,12.8,16.6,9.4
2023,Agosto,13.9,18.8,9.7
2023,Septiembre,14.9,18.9,11.0
2023,Octubre,18.2,23.2,13.1
2023,Noviembre,21.3,26.1,16.3
2023,Diciembre,23.1,27.7,18.4
2024,Enero,25.5,30.2,21.4
2024,Febrero,26.0,30.5,22.1
2024,Marzo,22.9,27.4,19.2
2024,Abril,18.7,22.6,14.9
2024,Mayo,12.5,16.5,8.9
2024,Junio,14.3,18.1,11.0
2024,Julio,9.9,15.5,5.6
2024,Agosto,12.4,16.7,8.6
2024,Septiembre,17.1,21.9,12.3
2024,Octubre,20.5,25.3,15.9
2024,Noviembre,22.2,27.1,17.7
2024,Diciembre,22.5,27.8,17.5
2025,Enero,26.1,31.0,21.8
2025,Febrero,25.7,30.6,21.5
2025,Marzo,23.0,27.8,19.1
2025,Abril,18.1,23.0,13.8
2025,Mayo,16.3,20.5,12.9
2025,Junio,10.7,15.8,6.5
2025,Julio,11.9,16.3,8.3
2025,Agosto,13.7,18.0,9.7
2025,Septiembre,15.7,20.3,11.0
2025,Octubre,19.3,24.4,14.7
2025,Noviembre,20.7,25.6,15.6
2025,Diciembre,26.0,31.1,20.7
2026,Enero,24.9,30.1,20.2
2026,Febrero,24.9,30.0,20.6
2026,Marzo,22.9,27.6,18.9
