año,mes,lluvia_dias,mm
1991,Enero,7.0,190.0
1991,Febrero,6.0,30.5
1991,Marzo,8.0,55.0
1991,Abril,12.0,125.6
1991,Mayo,7.0,68.4
1991,Junio,10.0,119.7
1991,Julio,8.0,89.3
1991,Agosto,7.0,66.4
1991,Septiembre,10.0,85.5
1991,Octubre,10.0,131.7
1991,Noviembre,9.0,92.4
1991,Diciembre,16.0,244.0
1992,Enero,9.0,111.9
1992,Febrero,7.0,36.8
1992,Marzo,9.0,116.0
1992,Abril,9.0,110.0
1992,Mayo,9.0,189.5
1992,Junio,16.0,98.9
1992,Julio,9.0,46.5
1992,Agosto,5.0,77.8
1992,Septiembre,8.0,67.9
1992,Octubre,10.0,135.7
1992,Noviembre,10.0,89.1
1992,Diciembre,9.0,138.9
1993,Enero,6.0,122.5
1993,Febrero,9.0,135.2
1993,Marzo,5.0,98.5
1993,Abril,13.0,200.4
1993,Mayo,11.0,109.7
1993,Junio,7.0,132.5
1993,Julio,8.0,39.1
1993,Agosto,7.0,50.5
1993,Septiembre,10.0,38.8
1993,Octubre,14.0,170.3
1993,Noviembre,14.0,215.8
1993,Diciembre,10.0,147.4
1994,Enero,10.0,73.3
1994,Febrero,4.0,50.1
1994,Marzo,11.0,134.5
1994,Abril,11.0,209.9
1994,Mayo,10.0,101.7
1994,Junio,14.0,51.9
1994,Julio,10.0,73.7
1994,Agosto,5.0,39.4
1994,Septiembre,7.0,24.2
1994,Octubre,17.0,127.1
1994,Noviembre,5.0,27.2
1994,Diciembre,8.0,124.1
1995,Enero,5.0,49.3
1995,Febrero,13.0,70.8
1995,Marzo,12.0,151.5
1995,Abril,11.0,171.1
1995,Mayo,4.0,18.2
1995,Junio,6.0,27.3
1995,Julio,10.0,28.7
1995,Agosto,8.0,4.3
1995,Septiembre,7.0,31.9
1995,Octubre,13.0,118.8
1995,Noviembre,8.0,118.5
1995,Diciembre,7.0,74.8
1996,Enero,10.0,48.8
1996,Febrero,8.0,105.0
1996,Marzo,4.0,25.5
1996,Abril,12.0,142.0
1996,Mayo,5.0,32.5
1996,Junio,5.0,9.1
1996,Julio,4.0,21.6
1996,Agosto,10.0,67.0
1996,Septiembre,12.0,120.7
1996,Octubre,11.0,97.3
1996,Noviembre,8.0,126.0
1996,Diciembre,14.0,126.0
1997,Enero,10.0,164.2
1997,Febrero,6.0,82.0
1997,Marzo,7.0,24.0
1997,Abril,5.0,83.7
1997,Mayo,5.0,123.0
1997,Junio,14.0,87.3
1997,Julio,8.0,28.3
1997,Agosto,10.0,94.2
1997,Septiembre,12.0,13.5
1997,Octubre,14.0,135.5
1997,Noviembre,18.0,123.2
1997,Diciembre,18.0,296.4
1998,Enero,8.0,146.8
1998,Febrero,13.0,116.0
1998,Marzo,12.0,100.1
1998,Abril,17.0,119.0
1998,Mayo,7.0,72.0
1998,Junio,9.0,25.1
1998,Julio,8.0,96.0
1998,Agosto,3.0,17.0
1998,Septiembre,11.0,39.3
1998,Octubre,8.0,37.6
1998,Noviembre,11.0,88.6
1998,Diciembre,10.0,159.9
1999,Enero,15.0,188.3
1999,Febrero,9.0,197.0
1999,Marzo,14.0,155.6
1999,Abril,14.0,52.3
1999,Mayo,9.0,47.2
1999,Junio,10.0,16.1
1999,Julio,9.0,118.9
1999,Agosto,8.0,103.5
1999,Septiembre,11.0,72.6
1999,Octubre,9.0,36.4
1999,Noviembre,10.0,40.7
1999,Diciembre,12.0,55.1
2000,Enero,7.0,159.9
2000,Febrero,9.0,69.0
2000,Marzo,11.0,71.1
2000,Abril,16.0,179.6
2000,Mayo,15.0,362.4
2000,Junio,14.0,147.3
2000,Julio,10.0,48.9
2000,Agosto,13.0,66.4
2000,Septiembre,11.0,137.4
2000,Octubre,16.0,151.5
2000,Noviembre,14.0,149.0
2000,Diciembre,6.0,93.0
2001,Enero,9.0,337.5
2001,Febrero,12.0,120.6
2001,Marzo,15.0,314.5
2001,Abril,7.0,48.1
2001,Mayo,13.0,99.9
2001,Junio,10.0,81.3
2001,Julio,10.0,46.9
2001,Agosto,14.0,168.5
2001,Septiembre,13.0,52.6
2001,Octubre,23.0,262.5
2001,Noviembre,13.0,163.0
2001,Diciembre,9.0,56.2
2002,Enero,10.0,102.4
2002,Febrero,12.0,60.2
2002,Marzo,20.0,274.6
2002,Abril,10.0,173.4
2002,Mayo,12.0,217.0
2002,Junio,12.0,37.5
2002,Julio,12.0,115.1
2002,Agosto,8.0,122.3
2002,Septiembre,10.0,90.7
2002,Octubre,14.0,109.7
2002,Noviembre,15.0,115.6
2002,Diciembre,11.0,203.3
2003,Enero,10.0,183.1
2003,Febrero,16.0,403.3
2003,Marzo,5.0,87.7
2003,Abril,13.0,75.5
2003,Mayo,10.0,67.5
2003,Junio,13.0,54.4
2003,Julio,8.0,82.2
2003,Agosto,12.0,28.2
2003,Septiembre,11.0,107.0
2003,Octubre,9.0,65.0
2003,Noviembre,11.0,230.0
2003,Diciembre,13.0,158.8
2004,Enero,13.0,268.4
2004,Febrero,4.0,31.8
2004,Marzo,6.0,28.1
2004,Abril,13.0,228.5
2004,Mayo,9.0,99.1
2004,Junio,7.0,20.1
2004,Julio,9.0,46.2
2004,Agosto,11.0,60.3
2004,Septiembre,6.0,22.8
2004,Octubre,11.0,68.7
2004,Noviembre,14.0,95.8
2004,Diciembre,12.0,118.1
2005,Enero,11.0,150.2
2005,Febrero,10.0,80.1
2005,Marzo,10.0,155.4
2005,Abril,10.0,145.2
2005,Mayo,12.0,11.6
2005,Junio,21.0,91.7
2005,Julio,8.0,62.6
2005,Agosto,11.0,195.2
2005,Septiembre,12.0,54.4
2005,Octubre,6.0,36.2
2005,Noviembre,8.0,68.5
2005,Diciembre,10.0,34.6
2006,Enero,15.0,246.0
2006,Febrero,10.0,221.4
2006,Marzo,12.0,154.0
2006,Abril,9.0,68.8
2006,Mayo,3.0,5.5
2006,Junio,14.0,78.3
2006,Julio,14.0,58.8
2006,Agosto,9.0,4.1
2006,Septiembre,5.0,29.0
2006,Octubre,13.0,164.2
2006,Noviembre,4.0,56.0
2006,Diciembre,12.0,195.2
2007,Enero,17.0,95.3
2007,Febrero,16.0,145.4
2007,Marzo,4.0,317.1
2007,Abril,11.0,198.2
2007,Mayo,6.0,42.2
2007,Junio,14.0,52.9
2007,Julio,21.0,11.1
2007,Agosto,10.0,68.4
2007,Septiembre,16.0,106.8
2007,Octubre,1.0,179.2
2007,Noviembre,3.0,57.7
2007,Diciembre,21.0,38.8
2008,Enero,12.0,111.6
2008,Febrero,10.0,94.7
2008,Marzo,14.0,120.9
2008,Abril,4.0,39.4
2008,Mayo,6.0,7.0
2008,Junio,6.0,59.9
2008,Julio,15.0,46.3
2008,Agosto,7.0,19.0
2008,Septiembre,9.0,22.4
2008,Octubre,10.0,85.8
2008,Noviembre,7.0,91.1
2008,Diciembre,10.0,24.0
2009,Enero,9.0,23.9
2009,Febrero,9.0,134.1
2009,Marzo,8.0,168.7
2009,Abril,6.0,39.0
2009,Mayo,11.0,47.6
2009,Junio,5.0,20.8
2009,Julio,10.0,129.7
2009,Agosto,6.0,26.8
2009,Septiembre,14.0,134.4
2009,Octubre,9.0,234.0
2009,Noviembre,19.0,211.2
2009,Diciembre,14.0,154.1
2010,Enero,13.0,153.5
2010,Febrero,13.0,421.0
2010,Marzo,9.0,102.0
2010,Abril,6.0,92.0
2010,Mayo,10.0,125.0
2010,Junio,8.0,53.6
2010,Julio,12.0,105.2
2010,Agosto,9.0,24.4
2010,Septiembre,12.0,131.1
2010,Octubre,9.0,42.5
2010,Noviembre,7.0,59.1
2010,Diciembre,5.0,42.0
2011,Enero,13.0,165.0
2011,Febrero,11.0,135.0
2011,Marzo,7.0,35.1
2011,Abril,14.0,109.3
2011,Mayo,7.0,43.8
2011,Junio,9.0,135.4
2011,Julio,5.0,109.6
2011,Agosto,10.0,24.5
2011,Septiembre,3.0,19.0
2011,Octubre,11.0,66.3
2011,Noviembre,7.0,47.0
2011,Diciembre,8.0,36.8
2012,Enero,7.0,47.4
2012,Febrero,14.0,245.0
2012,Marzo,10.0,156.5
2012,Abril,8.0,68.5
2012,Mayo,9.0,97.4
2012,Junio,11.0,9.9
2012,Julio,5.0,26.0
2012,Agosto,16.0,229.9
2012,Septiembre,10.0,84.3
2012,Octubre,16.0,288.7
2012,Noviembre,10.0,137.7
2012,Diciembre,11.0,259.3
2013,Enero,7.0,52.5
2013,Febrero,10.0,115.4
2013,Marzo,12.0,80.3
2013,Abril,8.0,275.0
2013,Mayo,10.0,123.0
2013,Junio,5.0,9.8
2013,Julio,8.0,91.6
2013,Agosto,3.0,19.3
2013,Septiembre,12.0,192.0
2013,Octubre,6.0,31.4
2013,Noviembre,10.0,146.8
2013,Diciembre,6.0,8.3
2014,Enero,13.0,268.8
2014,Febrero,12.0,254.8
2014,Marzo,11.0,182.1
2014,Abril,10.0,127.5
2014,Mayo,12.0,146.6
2014,Junio,10.0,56.2
2014,Julio,10.0,136.1
2014,Agosto,6.0,26.0
2014,Septiembre,12.0,167.1
2014,Octubre,11.0,247.4
2014,Noviembre,11.0,279.0
2014,Diciembre,10.0,91.8
2015,Enero,14.0,184.4
2015,Febrero,7.0,38.6
2015,Marzo,5.0,18.4
2015,Abril,5.0,70.3
2015,Mayo,8.0,46.2
2015,Junio,8.0,69.1
2015,Julio,5.0,69.4
2015,Agosto,12.0,253.7
2015,Septiembre,7.0,33.8
2015,Octubre,9.0,85.5
2015,Noviembre,8.0,232.0
2015,Diciembre,9.0,55.4
2016,Enero,6.0,34.9
2016,Febrero,9.0,194.0
2016,Marzo,7.0,49.1
2016,Abril,20.0,232.8
2016,Mayo,7.0,42.6
2016,Junio,9.0,33.8
2016,Julio,11.0,182.7
2016,Agosto,4.0,58.0
2016,Septiembre,5.0,55.1
2016,Octubre,13.0,161.1
2016,Noviembre,5.0,89.5
2016,Diciembre,5.0,90.4
2017,Enero,8.0,108.8
2017,Febrero,10.0,145.6
2017,Marzo,5.0,85.7
2017,Abril,5.0,118.9
2017,Mayo,11.0,141.0
2017,Junio,2.0,0.4
2017,Julio,11.0,121.3
2017,Agosto,13.0,73.2
2017,Septiembre,9.0,194.0
2017,Octubre,11.0,73.8
2017,Noviembre,3.0,35.0
2017,Diciembre,10.0,95.2
2018,Enero,7.0,49.3
2018,Febrero,6.0,39.8
2018,Marzo,6.0,70.1
2018,Abril,11.0,263.5
2018,Mayo,14.0,216.6
2018,Junio,4.0,6.6
2018,Julio,12.0,125.3
2018,Agosto,8.0,54.3
2018,Septiembre,8.0,111.7
2018,Octubre,10.0,32.0
2018,Noviembre,8.0,189.5
2018,Diciembre,10.0,314.2
2019,Enero,12.0,134.8
2019,Febrero,7.0,47.4
2019,Marzo,8.0,104.0
2019,Abril,5.0,51.2
2019,Mayo,7.0,75.5
2019,Junio,10.0,179.4
2019,Julio,7.0,75.5
2019,Agosto,5.0,49.0
2019,Septiembre,3.0,68.9
2019,Octubre,14.0,185.4
2019,Noviembre,10.0,94.0
2019,Diciembre,10.0,142.7
2020,Enero,8.0,52.8
2020,Febrero,4.0,66.2
2020,Marzo,11.0,158.3
2020,Abril,7.0,87.2
2020,Mayo,4.0,22.6
2020,Junio,9.0,89.2
2020,Julio,5.0,6.4
2020,Agosto,6.0,29.6
2020,Septiembre,5.0,105.9
2020,Octubre,8.0,94.7
2020,Noviembre,4.0,68.1
2020,Diciembre,7.0,55.7
2021,Enero,9.0,141.8
2021,Febrero,10.0,99.3
2021,Marzo,9.0,96.5
2021,Abril,4.0,78.0
2021,Mayo,5.0,98.4
2021,Junio,6.0,10.0
2021,Julio,6.0,59.7
2021,Agosto,2.0,45.3
2021,Septiembre,10.0,146.2
2021,Octubre,6.0,23.6
2021,Noviembre,11.0,140.5
2021,Diciembre,6.0,20.5
2022,Enero,11.0,118.6
2022,Febrero,10.0,124.9
2022,Marzo,10.0,89.0
2022,Abril,9.0,90.5
2022,Mayo,3.0,31.3
2022,Junio,0.0,0.0
2022,Julio,8.0,28.4
2022,Agosto,2.0,13.0
2022,Septiembre,5.0,21.0
2022,Octubre,11.0,31.2
2022,Noviembre,5.0,125.2
2022,Diciembre,6.0,79.3
2023,Enero,5.0,75.3
2023,Febrero,5.0,42.5
2023,Marzo,4.0,38.0
2023,Abril,8.0,68.8
2023,Mayo,9.0,171.3
2023,Junio,1.0,0.3
2023,Julio,10.0,68.4
2023,Agosto,4.0,93.9
2023,Septiembre,8.0,45.2
2023,Octubre,7.0,52.0
2023,Noviembre,9.0,146.4
2023,Diciembre,11.0,151.9
2024,Enero,5.0,93.6
2024,Febrero,7.0,91.7
2024,Marzo,10.0,334.4
2024,Abril,13.0,194.7
2024,Mayo,6.0,10.0
2024,Junio,8.0,32.2
2024,Julio,2.0,3.6
2024,Agosto,9.0,179.1
2024,Septiembre,1.0,14.3
2024,Octubre,7.0,67.6
2024,Noviembre,10.0,110.8
2024,Diciembre,5.0,29.7
2025,Enero,4.0,63.1
2025,Febrero,12.0,162.1
2025,Marzo,10.0,217.3
2025,Abril,6.0,85.3
2025,Mayo,11.0,287.2
2025,Junio,4.0,24.0
2025,Julio,5.0,43.2
2025,Agosto,7.0,176.3
2025,Septiembre,7.0,69.4
2025,Octubre,8.0,182.2
2025,Noviembre,11.0,108.2
2025,Diciembre,6.0,101.9
2026,Enero,5.0,18.5
2026,Febrero,8.0,73.5
2026,Marzo,8.0,81.9
